tau,cvxvx
0.00000000,24602.80045956
0.00003001,24586.71566176
0.00006002,24554.68727941
0.00009002,24509.01446691
0.00012003,24452.52529412
0.00015004,24387.90125000
0.00018005,24317.37104779
0.00021006,24242.66419118
0.00024007,24165.09498162
0.00027007,24085.60231618
0.00030008,24004.89882353
0.00033009,23923.47919118
0.00036010,23841.72007353
0.00039011,23759.88884191
0.00042011,23678.17341912
0.00045012,23596.71876838
0.00048013,23515.63564338
0.00051014,23434.99332721
0.00054015,23354.86213235
0.00057016,23275.28799632
0.00060016,23196.30650735
0.00063017,23117.92998162
0.00066018,23040.17264706
0.00069019,22963.03428309
0.00072020,22886.52233456
0.00075020,22810.62711397
0.00078021,22735.36312500
0.00081022,22660.73593750
0.00084023,22586.73591912
0.00087024,22513.36764706
0.00090025,22440.61079044
0.00093025,22368.46159926
0.00096026,22296.89330882
0.00099027,22225.91479779
0.00102028,22155.50101103
0.00105029,22085.65737132
0.00108030,22016.35395221
0.00111030,21947.58950368
0.00114031,21879.35680147
0.00117032,21811.65310662
0.00120033,21744.48913603
0.00123034,21677.87479779
0.00126034,21611.80735294
0.00129035,21546.28766544
0.00132036,21481.30634191
0.00135037,21416.86009191
0.00138038,21352.93946691
0.00141039,21289.53193015
0.00144039,21226.62617647
0.00147040,21164.20799632
0.00150041,21102.26858456
0.00153042,21040.80283088
0.00156043,20979.79943015
0.00159043,20919.25213235
0.00162044,20859.16152574
0.00165045,20799.51709559
0.00168046,20740.31224265
0.00171047,20681.54200368
0.00174048,20623.21110294
0.00177048,20565.31137868
0.00180049,20507.84365809
0.00183050,20450.80871324
0.00186051,20394.19928309
0.00189052,20338.00777574
0.00192052,20282.22786765
0.00195053,20226.85977941
0.00198054,20171.89158088
0.00201055,20117.32612132
0.00204056,20063.16834559
0.00207057,20009.39770221
0.00210057,19956.02650735
0.00213058,19903.03411765
0.00216059,19850.41608640
0.00219060,19798.16735294
0.00222061,19746.27824816
0.00225061,19694.75298897
0.00228062,19643.60697243
0.00231063,19592.83471324
0.00234064,19542.43845588
0.00237065,19492.41329779
0.00240066,19442.75218015
0.00243066,19393.44461581
0.00246067,19344.50392647
0.00249068,19295.93648346
0.00252069,19247.73667463
0.00255070,19199.90168382
0.00258071,19152.43724081
0.00261071,19105.32730882
0.00264072,19058.57514706
0.00267073,19012.17478493
0.00270074,18966.13143015
0.00273075,18920.45088603
0.00276075,18875.12642279
0.00279076,18830.15701838
0.00282077,18785.53365809
0.00285078,18741.24995956
0.00288079,18697.28525368
0.00291080,18653.63560478
0.00294080,18610.29509926
0.00297081,18567.26241912
0.00300082,18524.52014154
0.00303083,18482.06931066
0.00306084,18439.89059743
0.00309084,18397.98135294
0.00312085,18356.33195221
0.00315086,18314.92920404
0.00318087,18273.76190625
0.00321088,18232.80593566
0.00324089,18192.05620956
0.00327089,18151.50088051
0.00330090,18111.12862868
0.00333091,18070.94226287
0.00336092,18030.93904228
0.00339093,17991.12775000
0.00342093,17951.50865441
0.00345094,17912.08720588
0.00348095,17872.87687500
0.00351096,17833.87429191
0.00354097,17795.08345846
0.00357098,17756.51351379
0.00360098,17718.15993419
0.00363099,17680.02563450
0.00366100,17642.11328989
0.00369101,17604.39904669
0.00372102,17566.88871618
0.00375102,17529.56904816
0.00378103,17492.42639869
0.00381104,17455.45403882
0.00384105,17418.64535496
0.00387106,17381.99694853
0.00390107,17345.50882298
0.00393107,17309.18738952
0.00396108,17273.04139835
0.00399109,17237.05849632
0.00402110,17201.24892629
0.00405111,17165.59375184
0.00408112,17130.09607721
0.00411112,17094.75325368
0.00414113,17059.56370221
0.00417114,17024.52929963
0.00420115,16989.65902941
0.00423116,16954.94815809
0.00426116,16920.41544853
0.00429117,16886.07249449
0.00432118,16851.92685662
0.00435119,16817.98136765
0.00438120,16784.23970037
0.00441121,16750.70217463
0.00444121,16717.37372978
0.00447122,16684.25324265
0.00450123,16651.33929779
0.00453124,16618.63260110
0.00456125,16586.12279246
0.00459125,16553.80498621
0.00462126,16521.67104393
0.00465127,16489.72885625
0.00468128,16457.98110588
0.00471129,16426.42650404
0.00474130,16395.06819540
0.00477130,16363.90881875
0.00480131,16332.93181603
0.00483132,16302.12979724
0.00486133,16271.49011287
0.00489134,16241.00216599
0.00492134,16210.66096930
0.00495135,16180.45427813
0.00498136,16150.37897794
0.00501137,16120.42310294
0.00504138,16090.58412132
0.00507139,16060.85474081
0.00510139,16031.23882537
0.00513140,16001.73211581
0.00516141,15972.34857721
0.00519142,15943.08686213
0.00522143,15913.94315257
0.00525143,15884.93036765
0.00528144,15856.05675368
0.00531145,15827.32563603
0.00534146,15798.75272059
0.00537147,15770.32683824
0.00540148,15742.05358088
0.00543148,15713.93210662
0.00546149,15685.96135110
0.00549150,15658.14842279
0.00552151,15630.49897610
0.00555152,15603.01903309
0.00558153,15575.70667279
0.00561153,15548.56032169
0.00564154,15521.57267279
0.00567155,15494.73784375
0.00570156,15468.04479228
0.00573157,15441.49775735
0.00576157,15415.09223143
0.00579158,15388.83409357
0.00582159,15362.73068768
0.00585160,15336.76662132
0.00588161,15310.94661029
0.00591162,15285.25557721
0.00594162,15259.68202574
0.00597163,15234.22045772
0.00600164,15208.86383640
0.00603165,15183.60906801
0.00606166,15158.44330147
0.00609166,15133.36785110
0.00612167,15108.37136397
0.00615168,15083.45450735
0.00618169,15058.62275735
0.00621170,15033.87447243
0.00624171,15009.20756801
0.00627171,14984.62226654
0.00630172,14960.12533272
0.00633173,14935.72170772
0.00636174,14911.40787500
0.00639175,14887.19144853
0.00642175,14863.07790257
0.00645176,14839.06287500
0.00648177,14815.15632721
0.00651178,14791.36129779
0.00654179,14767.68692831
0.00657180,14744.12804596
0.00660180,14720.69593382
0.00663181,14697.37941176
0.00666182,14674.17531985
0.00669183,14651.08125331
0.00672184,14628.09208842
0.00675184,14605.20527335
0.00678185,14582.42342057
0.00681186,14559.74550483
0.00684187,14537.16647206
0.00687188,14514.67943033
0.00690189,14492.26700000
0.00693189,14469.91661765
0.00696190,14447.61277390
0.00699191,14425.33921324
0.00702192,14403.09918934
0.00705193,14380.89219301
0.00708194,14358.71664154
0.00711194,14336.59138051
0.00714195,14314.52647978
0.00717196,14292.52167279
0.00720197,14270.58868199
0.00723198,14248.74152868
0.00726198,14226.97826471
0.00729199,14205.29133768
0.00732200,14183.67879945
0.00735201,14162.12977169
0.00738202,14140.63648750
0.00741203,14119.20804687
0.00744203,14097.83678713
0.00747204,14076.53691489
0.00750205,14055.31218629
0.00753206,14034.15960827
0.00756207,14013.08244761
0.00759207,13992.08047757
0.00762208,13971.15068750
0.00765209,13950.29150551
0.00768210,13929.49913051
0.00771211,13908.77241544
0.00774212,13888.12506434
0.00777212,13867.55864890
0.00780213,13847.08084926
0.00783214,13826.70146875
0.00786215,13806.41822187
0.00789216,13786.22087941
0.00792216,13766.10771287
0.00795217,13746.07002914
0.00798218,13726.09165765
0.00801219,13706.17260386
0.00804220,13686.29976746
0.00807221,13666.48190441
0.00810221,13646.71378346
0.00813222,13626.99878897
0.00816223,13607.33075349
0.00819224,13587.71162849
0.00822225,13568.13171068
0.00825225,13548.60536471
0.00828226,13529.13917224
0.00831227,13509.72919485
0.00834228,13490.39297978
0.00837229,13471.12000735
0.00840230,13451.91942279
0.00843230,13432.78142279
0.00846231,13413.70556801
0.00849232,13394.68639890
0.00852233,13375.70543566
0.00855234,13356.75834926
0.00858235,13337.82794118
0.00861235,13318.91932537
0.00864236,13300.02820221
0.00867237,13281.16387868
0.00870238,13262.33168437
0.00873239,13243.52899044
0.00876239,13224.75280221
0.00879240,13206.00002695
0.00882241,13187.25733015
0.00885242,13168.52936048
0.00888243,13149.81888824
0.00891244,13131.13940136
0.00894244,13112.48821276
0.00897245,13093.87586158
0.00900246,13075.29839485
0.00903247,13056.75741912
0.00906248,13038.24365449
0.00909248,13019.75581857
0.00912249,13001.29994063
0.00915250,12982.87119963
0.00918251,12964.48030000
0.00921252,12946.13286741
0.00924253,12927.83302187
0.00927253,12909.59091985
0.00930254,12891.40475294
0.00933255,12873.28878695
0.00936256,12855.23166353
0.00939257,12837.24171947
0.00942257,12819.31738068
0.00945258,12801.45100460
0.00948259,12783.64105375
0.00951260,12765.88405993
0.00954261,12748.17102243
0.00957262,12730.49219044
0.00960262,12712.84262004
0.00963263,12695.21638879
0.00966264,12677.61642868
0.00969265,12660.04372390
0.00972266,12642.50189298
0.00975266,12624.98026673
0.00978267,12607.46744357
0.00981268,12589.95662697
0.00984269,12572.44597849
0.00987270,12554.91862647
0.00990271,12537.37801533
0.00993271,12519.83583636
0.00996272,12502.29755809
0.00999273,12484.77212004
0.01002274,12467.26155147
0.01005275,12449.77305919
0.01008276,12432.30444816
0.01011276,12414.85828989
0.01014277,12397.44120680
0.01017278,12380.04455460
0.01020279,12362.67155846
0.01023280,12345.31813971
0.01026280,12327.98129596
0.01029281,12310.66937647
0.01032282,12293.37638511
0.01035283,12276.11461581
0.01038284,12258.88779706
0.01041285,12241.70046985
0.01044285,12224.56533125
0.01047286,12207.49114303
0.01050287,12190.48009871
0.01053288,12173.54185110
0.01056289,12156.66813346
0.01059289,12139.87335061
0.01062290,12123.14733383
0.01065291,12106.49454568
0.01068292,12089.90797452
0.01071293,12073.38284772
0.01074294,12056.91838601
0.01077294,12040.51772298
0.01080295,12024.16994583
0.01083296,12007.87933278
0.01086297,11991.63811858
0.01089298,11975.44784419
0.01092298,11959.30290051
0.01095299,11943.20175869
0.01098300,11927.13694134
0.01101301,11911.11712252
0.01104302,11895.13794743
0.01107303,11879.20531140
0.01110303,11863.31565877
0.01113304,11847.47597791
0.01116305,11831.68255200
0.01119306,11815.93969467
0.01122307,11800.25728621
0.01125307,11784.63208768
0.01128308,11769.06222500
0.01131309,11753.54775551
0.01134310,11738.09110680
0.01137311,11722.69025570
0.01140312,11707.34847169
0.01143312,11692.08136399
0.01146313,11676.87632206
0.01149314,11661.74036066
0.01152315,11646.66920610
0.01155316,11631.65243151
0.01158317,11616.68102281
0.01161317,11601.75400594
0.01164318,11586.86458548
0.01167319,11572.01310202
0.01170320,11557.20418125
0.01173321,11542.44164504
0.01176321,11527.73500625
0.01179322,11513.09403824
0.01182323,11498.51023088
0.01185324,11483.98612849
0.01188325,11469.50958989
0.01191326,11455.07412224
0.01194326,11440.66995257
0.01197327,11426.29136912
0.01200328,11411.92871158
0.01203329,11397.58035993
0.01206330,11383.22963243
0.01209330,11368.87223412
0.01212331,11354.50107840
0.01215332,11340.11502991
0.01218333,11325.71607697
0.01221334,11311.31007244
0.01224335,11296.89571283
0.01227335,11282.47768309
0.01230336,11268.05672960
0.01233337,11253.63214963
0.01236338,11239.21060699
0.01239339,11224.80162132
0.01242339,11210.41294963
0.01245340,11196.05958022
0.01248341,11181.74826103
0.01251342,11167.48417925
0.01254343,11153.26212537
0.01257344,11139.09220515
0.01260344,11124.98006838
0.01263345,11110.92552886
0.01266346,11096.93380110
0.01269347,11083.00410498
0.01272348,11069.12706103
0.01275348,11055.29643566
0.01278349,11041.50843989
0.01281350,11027.76072243
0.01284351,11014.04505074
0.01287352,11000.37813934
0.01290353,10986.76266886
0.01293353,10973.21103309
0.01296354,10959.72551897
0.01299355,10946.30675147
0.01302356,10932.96124483
0.01305357,10919.68792770
0.01308358,10906.49105276
0.01311358,10893.37222647
0.01314359,10880.33501710
0.01317360,10867.38379210
0.01320361,10854.49781305
0.01323362,10841.66564357
0.01326362,10828.87865331
0.01329363,10816.12670588
0.01332364,10803.40141912
0.01335365,10790.69393015
0.01338366,10777.98839522
0.01341367,10765.27895037
0.01344367,10752.56448897
0.01347368,10739.84635110
0.01350369,10727.12935662
0.01353370,10714.42441360
0.01356371,10701.73267463
0.01359371,10689.05882684
0.01362372,10676.40326507
0.01365373,10663.76197316
0.01368374,10651.12961919
0.01371375,10638.49853842
0.01374376,10625.85022904
0.01377376,10613.17908272
0.01380377,10600.48141801
0.01383378,10587.76074577
0.01386379,10575.02984926
0.01389380,10562.28659724
0.01392380,10549.53511434
0.01395381,10536.77699485
0.01398382,10524.01322151
0.01401383,10511.25373088
0.01404384,10498.50461691
0.01407385,10485.76616195
0.01410385,10473.03443349
0.01413386,10460.30302217
0.01416387,10447.56586287
0.01419388,10434.82254357
0.01422389,10422.06648842
0.01425389,10409.30388794
0.01428390,10396.54114553
0.01431391,10383.78641452
0.01434392,10371.05076930
0.01437393,10358.34093011
0.01440394,10345.65743529
0.01443394,10332.99259375
0.01446395,10320.34297335
0.01449396,10307.69607390
0.01452397,10295.05062923
0.01455398,10282.40685956
0.01458399,10269.75647897
0.01461399,10257.09530092
0.01464400,10244.41710625
0.01467401,10231.71713382
0.01470402,10218.99107261
0.01473403,10206.25362528
0.01476403,10193.50761967
0.01479404,10180.76748456
0.01482405,10168.04553327
0.01485406,10155.35059504
0.01488407,10142.69649086
0.01491408,10130.09103093
0.01494408,10117.53447108
0.01497409,10105.02186243
0.01500410,10092.54818020
0.01503411,10080.10844965
0.01506412,10067.70765632
0.01509412,10055.34145669
0.01512413,10043.02347664
0.01515414,10030.75677013
0.01518415,10018.54394058
0.01521416,10006.38297028
0.01524417,9994.26825954
0.01527417,9982.18608088
0.01530418,9970.12841232
0.01533419,9958.08659941
0.01536420,9946.05735338
0.01539421,9934.03958805
0.01542421,9922.02720592
0.01545422,9910.03220386
0.01548423,9898.04865129
0.01551424,9886.08112917
0.01554425,9874.11799189
0.01557426,9862.15713211
0.01560426,9850.18432077
0.01563427,9838.19888544
0.01566428,9826.19385717
0.01569429,9814.17282665
0.01572430,9802.14164724
0.01575430,9790.10594779
0.01578431,9778.06303070
0.01581432,9766.01792425
0.01584433,9753.97392042
0.01587434,9741.93567743
0.01590435,9729.90350868
0.01593435,9717.88125257
0.01596436,9705.86847739
0.01599437,9693.87038972
0.01602438,9681.89113925
0.01605439,9669.93936121
0.01608440,9658.02230443
0.01611440,9646.14633327
0.01614441,9634.31774743
0.01617442,9622.53801949
0.01620443,9610.81005441
0.01623444,9599.13727555
0.01626444,9587.52540993
0.01629445,9575.97799559
0.01632446,9564.49407040
0.01635447,9553.08135796
0.01638448,9541.73661381
0.01641449,9530.45062539
0.01644449,9519.21678803
0.01647450,9508.03101213
0.01650451,9496.90103088
0.01653452,9485.82902665
0.01656453,9474.81991213
0.01659453,9463.87179357
0.01662454,9452.97146342
0.01665455,9442.09923842
0.01668456,9431.24463143
0.01671457,9420.40285088
0.01674458,9409.57820395
0.01677458,9398.77698862
0.01680459,9388.00020623
0.01683460,9377.24201305
0.01686461,9366.50225640
0.01689462,9355.77203929
0.01692462,9345.05005189
0.01695463,9334.33054344
0.01698464,9323.61165037
0.01701465,9312.88970426
0.01704466,9302.16927404
0.01707467,9291.44995496
0.01710467,9280.72801268
0.01713468,9270.00208346
0.01716469,9259.26453300
0.01719470,9248.51271875
0.01722471,9237.74742127
0.01725471,9226.96502811
0.01728472,9216.17043824
0.01731473,9205.36324246
0.01734474,9194.55650827
0.01737475,9183.74610018
0.01740476,9172.93330658
0.01743476,9162.11124173
0.01746477,9151.27400055
0.01749478,9140.41444532
0.01752479,9129.53332932
0.01755480,9118.63277480
0.01758481,9107.72067996
0.01761481,9096.81022757
0.01764482,9085.91767893
0.01767483,9075.06116362
0.01770484,9064.25422164
0.01773485,9053.50449336
0.01776485,9042.82127217
0.01779486,9032.20746222
0.01782487,9021.66163417
0.01785488,9011.17263513
0.01788489,9000.73726028
0.01791490,8990.34764494
0.01794490,8979.99797478
0.01797491,8969.68627193
0.01800492,8959.40536608
0.01803493,8949.15249688
0.01806494,8938.91711773
0.01809494,8928.69671728
0.01812495,8918.48161379
0.01815496,8908.26854382
0.01818497,8898.04302211
0.01821498,8887.80994779
0.01824499,8877.56727121
0.01827499,8867.32625092
0.01830500,8857.09286820
0.01833501,8846.87256838
0.01836502,8836.66275221
0.01839503,8826.46755165
0.01842503,8816.28726893
0.01845504,8806.12433768
0.01848505,8795.97993526
0.01851506,8785.86214616
0.01854507,8775.77466823
0.01857508,8765.72976987
0.01860508,8755.72366421
0.01863509,8745.75808814
0.01866510,8735.82991772
0.01869511,8725.93302006
0.01872512,8716.06869971
0.01875512,8706.23973838
0.01878513,8696.44678423
0.01881514,8686.68952278
0.01884515,8676.95858274
0.01887516,8667.24606239
0.01890517,8657.54650377
0.01893517,8647.86170682
0.01896518,8638.18853586
0.01899519,8628.52556517
0.01902520,8618.87682895
0.01905521,8609.23599506
0.01908522,8599.60283336
0.01911522,8589.96760349
0.01914523,8580.32322849
0.01917524,8570.66882868
0.01920525,8561.00300972
0.01923526,8551.33202408
0.01926526,8541.65517353
0.01929527,8531.97991140
0.01932528,8522.30931400
0.01935529,8512.64301611
0.01938530,8502.98462684
0.01941531,8493.34065662
0.01944531,8483.71753761
0.01947532,8474.12276268
0.01950533,8464.55866118
0.01953534,8455.02511934
0.01956535,8445.52569007
0.01959535,8436.06190702
0.01962536,8426.64491073
0.01965537,8417.27619211
0.01968538,8407.94832978
0.01971539,8398.66264156
0.01974540,8389.40752518
0.01977540,8380.16566011
0.01980541,8370.92834743
0.01983542,8361.68218619
0.01986543,8352.42425570
0.01989544,8343.15634926
0.01992544,8333.88227739
0.01995545,8324.61568912
0.01998546,8315.36548849
0.02001547,8306.14225142
0.02004548,8296.94669717
0.02007549,8287.77645860
0.02010549,8278.63097221
0.02013550,8269.50761379
0.02016551,8260.40687776
0.02019552,8251.32158787
0.02022553,8242.25220737
0.02025553,8233.18735020
0.02028554,8224.11950356
0.02031555,8215.04170574
0.02034556,8205.93919015
0.02037557,8196.80269597
0.02040558,8187.63075039
0.02043558,8178.41239614
0.02046559,8169.14979191
0.02049560,8159.84030368
0.02052561,8150.47875018
0.02055562,8141.06785375
0.02058563,8131.60503483
0.02061563,8122.09313467
0.02064564,8112.53418631
0.02067565,8102.93118456
0.02070566,8093.28891599
0.02073567,8083.60546838
0.02076567,8073.87624759
0.02079568,8064.10770838
0.02082569,8054.31214533
0.02085570,8044.49999193
0.02088571,8034.68743972
0.02091572,8024.88182144
0.02094572,8015.09140112
0.02097573,8005.31866009
0.02100574,7995.56835018
0.02103575,7985.84026324
0.02106576,7976.13712550
0.02109576,7966.46123575
0.02112577,7956.80697447
0.02115578,7947.16822262
0.02118579,7937.53540018
0.02121580,7927.90028842
0.02124581,7918.25131002
0.02127581,7908.58506618
0.02130582,7898.89784449
0.02133583,7889.19577445
0.02136584,7879.47404066
0.02139585,7869.73517176
0.02142585,7859.97948827
0.02145586,7850.22108750
0.02148587,7840.47529557
0.02151588,7830.75008643
0.02154589,7821.05236250
0.02157590,7811.38482132
0.02160590,7801.74366930
0.02163591,7792.12192151
0.02166592,7782.51655423
0.02169593,7772.91155147
0.02172594,7763.29881800
0.02175594,7753.67047952
0.02178595,7744.01890254
0.02181596,7734.34396631
0.02184597,7724.63576996
0.02187598,7714.89932594
0.02190599,7705.13454544
0.02193599,7695.34084164
0.02196600,7685.52178048
0.02199601,7675.66655368
0.02202602,7665.77624204
0.02205603,7655.84814303
0.02208604,7645.88119432
0.02211604,7635.87985040
0.02214605,7625.85005790
0.02217606,7615.80190934
0.02220607,7605.73805222
0.02223608,7595.65684658
0.02226608,7585.56172219
0.02229609,7575.45080770
0.02232610,7565.33652910
0.02235611,7555.22169399
0.02238612,7545.10971480
0.02241613,7535.00425428
0.02244613,7524.91269465
0.02247614,7514.84338449
0.02250615,7504.80106518
0.02253616,7494.79181485
0.02256617,7484.82121079
0.02259617,7474.89170018
0.02262618,7465.00942537
0.02265619,7455.17246142
0.02268620,7445.38016631
0.02271621,7435.62169340
0.02274622,7425.89096827
0.02277622,7416.17807892
0.02280623,7406.48434548
0.02283624,7396.81502562
0.02286625,7387.17192849
0.02289626,7377.55710147
0.02292626,7367.96620057
0.02295627,7358.40407243
0.02298628,7348.86927904
0.02301629,7339.36580002
0.02304630,7329.88993548
0.02307631,7320.44146324
0.02310631,7311.01293419
0.02313632,7301.59474853
0.02316633,7292.17121526
0.02319634,7282.72804555
0.02322635,7273.24359768
0.02325635,7263.69975114
0.02328636,7254.08123254
0.02331637,7244.38137261
0.02334638,7234.59929246
0.02337639,7224.73004191
0.02340640,7214.77858695
0.02343640,7204.74419982
0.02346641,7194.63745772
0.02349642,7184.46653195
0.02352643,7174.24415551
0.02355644,7163.98737463
0.02358645,7153.70122252
0.02361645,7143.38882151
0.02364646,7133.04896618
0.02367647,7122.68536287
0.02370648,7112.30576857
0.02373649,7101.91934191
0.02376649,7091.53446857
0.02379650,7081.15543897
0.02382651,7070.78527353
0.02385652,7060.42671305
0.02388653,7050.07835735
0.02391654,7039.74838244
0.02394654,7029.44923643
0.02397655,7019.18994857
0.02400656,7008.97990221
0.02403657,6998.82153180
0.02406658,6988.72366121
0.02409658,6978.68962717
0.02412659,6968.72473732
0.02415660,6958.82639467
0.02418661,6949.00143717
0.02421662,6939.24446471
0.02424663,6929.55440018
0.02427663,6919.92577813
0.02430664,6910.34735127
0.02433665,6900.80775717
0.02436666,6891.28569140
0.02439667,6881.76221636
0.02442667,6872.22558278
0.02445668,6862.66548309
0.02448669,6853.07944235
0.02451670,6843.46448500
0.02454671,6833.82159044
0.02457672,6824.14293316
0.02460672,6814.42701232
0.02463673,6804.67352572
0.02466674,6794.88397555
0.02469675,6785.06153878
0.02472676,6775.21951011
0.02475676,6765.36177960
0.02478677,6755.50584375
0.02481678,6745.65602151
0.02484679,6735.81930107
0.02487680,6725.99562040
0.02490681,6716.19214136
0.02493681,6706.40958267
0.02496682,6696.63986434
0.02499683,6686.87177675
0.02502684,6677.10132658
0.02505685,6667.33211309
0.02508686,6657.56366583
0.02511686,6647.79792290
0.02514687,6638.03242926
0.02517688,6628.26359881
0.02520689,6618.49136174
0.02523690,6608.71980647
0.02526690,6598.95529767
0.02529691,6589.21258594
0.02532692,6579.50519704
0.02535693,6569.84428616
0.02538694,6560.24157856
0.02541695,6550.69795520
0.02544695,6541.20876713
0.02547696,6531.76527131
0.02550697,6522.35316765
0.02553698,6512.95753419
0.02556699,6503.56806103
0.02559699,6494.18127316
0.02562700,6484.79717463
0.02565701,6475.42225202
0.02568702,6466.05833153
0.02571703,6456.70502754
0.02574704,6447.36459871
0.02577704,6438.04511190
0.02580705,6428.74446899
0.02583706,6419.46792037
0.02586707,6410.21724029
0.02589708,6400.99565860
0.02592708,6391.80736585
0.02595709,6382.66530202
0.02598710,6373.58164099
0.02601711,6364.56178327
0.02604712,6355.61171507
0.02607713,6346.72831305
0.02610713,6337.90879062
0.02613714,6329.15357423
0.02616715,6320.45964254
0.02619716,6311.82280972
0.02622717,6303.23713805
0.02625717,6294.69405599
0.02628718,6286.18897704
0.02631719,6277.71420676
0.02634720,6269.26495384
0.02637721,6260.82992982
0.02640722,6252.40253186
0.02643722,6243.98023939
0.02646723,6235.56073774
0.02649724,6227.14698020
0.02652725,6218.74574803
0.02655726,6210.35725693
0.02658727,6201.98127410
0.02661727,6193.62243669
0.02664728,6185.28523776
0.02667729,6176.96894265
0.02670730,6168.67221127
0.02673731,6160.39170257
0.02676731,6152.13276820
0.02679732,6143.89146857
0.02682733,6135.67283272
0.02685734,6127.48179548
0.02688735,6119.32411186
0.02691736,6111.20566066
0.02694736,6103.13221930
0.02697737,6095.10529835
0.02700738,6087.11908125
0.02703739,6079.16634967
0.02706740,6071.24432684
0.02709740,6063.34458676
0.02712741,6055.46412344
0.02715742,6047.60432555
0.02718743,6039.76574301
0.02721744,6031.94340643
0.02724745,6024.13054945
0.02727745,6016.31024123
0.02730746,6008.46954504
0.02733747,6000.59610827
0.02736748,5992.67887537
0.02739749,5984.71601057
0.02742749,5976.70863585
0.02745750,5968.65369688
0.02748751,5960.55235974
0.02751752,5952.39921239
0.02754753,5944.19430789
0.02757754,5935.93471897
0.02760754,5927.62535504
0.02763755,5919.27073210
0.02766756,5910.87976434
0.02769757,5902.46108382
0.02772758,5894.01525441
0.02775758,5885.55590919
0.02778759,5877.08837500
0.02781760,5868.62583235
0.02784761,5860.17819890
0.02787762,5851.75164540
0.02790763,5843.34815814
0.02793763,5834.96483719
0.02796764,5826.59202101
0.02799765,5818.22580460
0.02802766,5809.86189871
0.02805767,5801.50061912
0.02808768,5793.14123713
0.02811768,5784.78540074
0.02814769,5776.43417353
0.02817770,5768.08836384
0.02820771,5759.75675360
0.02823772,5751.44158539
0.02826772,5743.14419967
0.02829773,5734.87250314
0.02832774,5726.62542868
0.02835775,5718.40483897
0.02838776,5710.21378719
0.02841777,5702.06243142
0.02844777,5693.95670140
0.02847778,5685.89953575
0.02850779,5677.89063195
0.02853780,5669.92173621
0.02856781,5661.98230110
0.02859781,5654.05765469
0.02862782,5646.12915110
0.02865783,5638.18271577
0.02868784,5630.20138915
0.02871785,5622.18143651
0.02874786,5614.12034970
0.02877786,5606.01863531
0.02880787,5597.87953915
0.02883788,5589.70465496
0.02886789,5581.49830570
0.02889790,5573.26249063
0.02892790,5564.99792097
0.02895791,5556.70806643
0.02898792,5548.40097122
0.02901793,5540.08372873
0.02904794,5531.75569184
0.02907795,5523.42410594
0.02910795,5515.08869063
0.02913796,5506.75279044
0.02916797,5498.41118566
0.02919798,5490.06123438
0.02922799,5481.69067721
0.02925799,5473.28936562
0.02928800,5464.85076434
0.02931801,5456.36944669
0.02934802,5447.84475257
0.02937803,5439.27257868
0.02940804,5430.66060006
0.02943804,5422.01027678
0.02946805,5413.32647248
0.02949806,5404.61239915
0.02952807,5395.87081967
0.02955808,5387.10731912
0.02958809,5378.32995331
0.02961809,5369.55154779
0.02964810,5360.78389640
0.02967811,5352.04116566
0.02970812,5343.33501387
0.02973813,5334.67386765
0.02976813,5326.06267701
0.02979814,5317.51115607
0.02982815,5309.02781562
0.02985816,5300.61645478
0.02988817,5292.26945551
0.02991818,5283.98409963
0.02994818,5275.75301440
0.02997819,5267.57214835
0.03000820,5259.44073088
0.03003821,5251.36267711
0.03006822,5243.33684669
0.03009822,5235.36652555
0.03012823,5227.45165588
0.03015824,5219.58014007
0.03018825,5211.75283603
0.03021826,5203.95878897
0.03024827,5196.17900926
0.03027827,5188.40358057
0.03030828,5180.61870827
0.03033829,5172.81591691
0.03036830,5164.99490908
0.03039831,5157.15523159
0.03042831,5149.30665432
0.03045832,5141.45648561
0.03048833,5133.60799426
0.03051834,5125.76576733
0.03054835,5117.93485675
0.03057836,5110.12048493
0.03060836,5102.32920004
0.03063837,5094.56320863
0.03066838,5086.82364013
0.03069839,5079.11964700
0.03072840,5071.45691273
0.03075840,5063.84592004
0.03078841,5056.28868272
0.03081842,5048.78686360
0.03084843,5041.33081176
0.03087844,5033.91671048
0.03090845,5026.53541724
0.03093845,5019.17723449
0.03096846,5011.83641574
0.03099847,5004.50696441
0.03102848,4997.17969175
0.03105849,4989.83920583
0.03108850,4982.47639972
0.03111850,4975.08661239
0.03114851,4967.66846691
0.03117852,4960.23468158
0.03120853,4952.79222562
0.03123854,4945.35174301
0.03126854,4937.92564504
0.03129855,4930.52785583
0.03132856,4923.16761783
0.03135857,4915.84909265
0.03138858,4908.58104798
0.03141859,4901.36400869
0.03144859,4894.20115757
0.03147860,4887.09944647
0.03150861,4880.06549864
0.03153862,4873.09984362
0.03156863,4866.19840199
0.03159863,4859.35502978
0.03162864,4852.55909118
0.03165865,4845.79227300
0.03168866,4839.04830256
0.03171867,4832.31786392
0.03174868,4825.58936893
0.03177868,4818.85850037
0.03180869,4812.11002684
0.03183870,4805.34202390
0.03186871,4798.55737500
0.03189872,4791.76451254
0.03192872,4784.96889504
0.03195873,4778.18349798
0.03198874,4771.40982665
0.03201875,4764.65252132
0.03204876,4757.91583254
0.03207877,4751.20486619
0.03210877,4744.51787730
0.03213878,4737.85266298
0.03216879,4731.20554901
0.03219880,4724.58195610
0.03222881,4717.97803814
0.03225881,4711.38889281
0.03228882,4704.80650020
0.03231883,4698.23052226
0.03234884,4691.66134750
0.03237885,4685.10236239
0.03240886,4678.56121857
0.03243886,4672.03743842
0.03246887,4665.53028934
0.03249888,4659.03682261
0.03252889,4652.55545018
0.03255890,4646.08750548
0.03258891,4639.63203511
0.03261891,4633.18732353
0.03264892,4626.75485956
0.03267893,4620.33215101
0.03270894,4613.91881471
0.03273895,4607.52691746
0.03276895,4601.15579687
0.03279896,4594.80697662
0.03282897,4588.48354154
0.03285898,4582.18598879
0.03288899,4575.92387224
0.03291900,4569.70397085
0.03294900,4563.53633371
0.03297901,4557.42498108
0.03300902,4551.37495798
0.03303903,4545.38978217
0.03306904,4539.46326487
0.03309904,4533.59514702
0.03312905,4527.77866653
0.03315906,4522.01082399
0.03318907,4516.28921833
0.03321908,4510.61089647
0.03324909,4504.97350384
0.03327909,4499.37661670
0.03330910,4493.81908890
0.03333911,4488.29342838
0.03336912,4482.79519033
0.03339913,4477.31673577
0.03342913,4471.86077232
0.03345914,4466.42941715
0.03348915,4461.02771230
0.03351916,4455.65891469
0.03354917,4450.32229157
0.03357918,4445.02012980
0.03360918,4439.74427702
0.03363919,4434.49065507
0.03366920,4429.25260165
0.03369921,4424.03611691
0.03372922,4418.84416875
0.03375922,4413.68125312
0.03378923,4408.54487996
0.03381924,4403.43176748
0.03384925,4398.33437647
0.03387926,4393.25005088
0.03390927,4388.17543079
0.03393927,4383.10787504
0.03396928,4378.04800342
0.03399929,4372.99009567
0.03402930,4367.93199563
0.03405931,4362.87324138
0.03408932,4357.82188608
0.03411932,4352.77206699
0.03414933,4347.72091204
0.03417934,4342.65869070
0.03420935,4337.57741616
0.03423936,4332.47805443
0.03426936,4327.36246467
0.03429937,4322.23014740
0.03432938,4317.08460200
0.03435939,4311.93079467
0.03438940,4306.77751930
0.03441941,4301.63259614
0.03444941,4296.50153382
0.03447942,4291.38206903
0.03450943,4286.26693484
0.03453944,4281.15303559
0.03456945,4276.03719945
0.03459945,4270.91838494
0.03462946,4265.79686176
0.03465947,4260.67543215
0.03468948,4255.56088251
0.03471949,4250.45542051
0.03474950,4245.35784599
0.03477950,4240.26468668
0.03480951,4235.17414800
0.03483952,4230.08133899
0.03486953,4224.98469846
0.03489954,4219.88170722
0.03492954,4214.77084127
0.03495955,4209.64780397
0.03498956,4204.52188671
0.03501957,4199.39406147
0.03504958,4194.27089147
0.03507959,4189.17018162
0.03510959,4184.10336562
0.03513960,4179.09042868
0.03516961,4174.13546377
0.03519962,4169.24329110
0.03522963,4164.41213257
0.03525963,4159.63769768
0.03528964,4154.91084590
0.03531965,4150.23093884
0.03534966,4145.59924412
0.03537967,4141.01884412
0.03540968,4136.48767408
0.03543968,4132.00221112
0.03546969,4127.55802978
0.03549970,4123.14898733
0.03552971,4118.77397096
0.03555972,4114.42315662
0.03558973,4110.09285125
0.03561973,4105.77796710
0.03564974,4101.47288235
0.03567975,4097.17178458
0.03570976,4092.86727823
0.03573977,4088.55451662
0.03576977,4084.23465386
0.03579978,4079.91087079
0.03582979,4075.58661607
0.03585980,4071.26128640
0.03588981,4066.92959814
0.03591982,4062.59005423
0.03594982,4058.22986066
0.03597983,4053.84517243
0.03600984,4049.42774081
0.03603985,4044.97234189
0.03606986,4040.47909858
0.03609986,4035.94593575
0.03612987,4031.37861318
0.03615988,4026.77948997
0.03618989,4022.15862483
0.03621990,4017.52505114
0.03624991,4012.88170401
0.03627991,4008.23123333
0.03630992,4003.57612430
0.03633993,3998.91529118
0.03636994,3994.24952884
0.03639995,3989.58064157
0.03642995,3984.91319230
0.03645996,3980.25399375
0.03648997,3975.60848327
0.03651998,3970.97050496
0.03654999,3966.33854412
0.03658000,3961.70863458
0.03661000,3957.07709412
0.03664001,3952.44607757
0.03667002,3947.82106195
0.03670003,3943.20546305
0.03673004,3938.59917077
0.03676004,3934.01407647
0.03679005,3929.45868228
0.03682006,3924.94232415
0.03685007,3920.47155202
0.03688008,3916.05099081
0.03691009,3911.68191686
0.03694009,3907.36227759
0.03697010,3903.08652364
0.03700011,3898.84901188
0.03703012,3894.64290004
0.03706013,3890.46308676
0.03709014,3886.30804210
0.03712014,3882.17332744
0.03715015,3878.07055137
0.03718016,3874.00424669
0.03721017,3869.98241498
0.03724018,3866.01296588
0.03727018,3862.09853270
0.03730019,3858.23129044
0.03733020,3854.40672112
0.03736021,3850.61105456
0.03739022,3846.83952846
0.03742023,3843.08826546
0.03745023,3839.35928452
0.03748024,3835.65354763
0.03751025,3831.96673939
0.03754026,3828.29013915
0.03757027,3824.61576746
0.03760027,3820.94264463
0.03763028,3817.27335818
0.03766029,3813.61025502
0.03769030,3809.95497316
0.03772031,3806.30098676
0.03775032,3802.64359320
0.03778032,3798.97597335
0.03781033,3795.29703051
0.03784034,3791.61252628
0.03787035,3787.93389298
0.03790036,3784.27082187
0.03793036,3780.63618860
0.03796037,3777.03207004
0.03799038,3773.45799706
0.03802039,3769.90688272
0.03805040,3766.37405693
0.03808041,3762.85115756
0.03811041,3759.32949689
0.03814042,3755.80367116
0.03817043,3752.26861274
0.03820044,3748.72244184
0.03823045,3745.16071544
0.03826045,3741.59074118
0.03829046,3738.01419835
0.03832047,3734.43844412
0.03835048,3730.85788860
0.03838049,3727.28016471
0.03841050,3723.70417981
0.03844050,3720.13635287
0.03847051,3716.58121452
0.03850052,3713.03634853
0.03853053,3709.50374632
0.03856054,3705.98398235
0.03859055,3702.47556838
0.03862055,3698.98298989
0.03865056,3695.50715827
0.03868057,3692.04582923
0.03871058,3688.60363327
0.03874059,3685.18451985
0.03877059,3681.79208125
0.03880060,3678.42398787
0.03883061,3675.07651967
0.03886062,3671.74174816
0.03889063,3668.41477923
0.03892064,3665.08324246
0.03895064,3661.74854706
0.03898065,3658.40915331
0.03901066,3655.07015882
0.03904067,3651.74052647
0.03907068,3648.42961765
0.03910068,3645.15168235
0.03913069,3641.91620507
0.03916070,3638.72566324
0.03919071,3635.58433566
0.03922072,3632.49871862
0.03925073,3629.47241857
0.03928073,3626.50848309
0.03931074,3623.60087375
0.03934075,3620.73928004
0.03937076,3617.91897256
0.03940077,3615.14065239
0.03943077,3612.40538493
0.03946078,3609.71884522
0.03949079,3607.07654006
0.03952080,3604.47162812
0.03955081,3601.89941364
0.03958082,3599.35544371
0.03961082,3596.83536465
0.03964083,3594.33711700
0.03967084,3591.86772879
0.03970085,3589.42888096
0.03973086,3587.02626866
0.03976086,3584.66926287
0.03979087,3582.36250222
0.03982088,3580.10333272
0.03985089,3577.88840404
0.03988090,3575.70597684
0.03991091,3573.54943566
0.03994091,3571.42153327
0.03997092,3569.32398824
0.04000093,3567.26577886
0.04003094,3565.24316189
0.04006095,3563.25842136
0.04009096,3561.30284890
0.04012096,3559.37013671
0.04015097,3557.45507169
0.04018098,3555.55132868
0.04021099,3553.65551800
0.04024100,3551.75965388
0.04027100,3549.85660000
0.04030101,3547.94060535
0.04033102,3546.00834143
0.04036103,3544.05797382
0.04039104,3542.09506048
0.04042105,3540.12483711
0.04045105,3538.15381989
0.04048106,3536.18094728
0.04051107,3534.20264566
0.04054108,3532.20690574
0.04057109,3530.18576153
0.04060109,3528.13223778
0.04063110,3526.04709458
0.04066111,3523.93027960
0.04069112,3521.78345222
0.04072113,3519.60894594
0.04075114,3517.40718733
0.04078114,3515.17983773
0.04081115,3512.92762790
0.04084116,3510.64667737
0.04087117,3508.33695680
0.04090118,3505.99495980
0.04093118,3503.61952976
0.04096119,3501.21197794
0.04099120,3498.77271561
0.04102121,3496.30578632
0.04105122,3493.82057243
0.04108123,3491.32412776
0.04111123,3488.82453235
0.04114124,3486.32581930
0.04117125,3483.82943798
0.04120126,3481.34137802
0.04123127,3478.86557184
0.04126127,3476.40803621
0.04129128,3473.96911124
0.04132129,3471.54849932
0.04135130,3469.14105158
0.04138131,3466.74189969
0.04141132,3464.35028807
0.04144132,3461.96383086
0.04147133,3459.58414726
0.04150134,3457.20648790
0.04153135,3454.82984080
0.04156136,3452.44375044
0.04159137,3450.04896116
0.04162137,3447.63858908
0.04165138,3445.21345434
0.04168139,3442.77306434
0.04171140,3440.31821519
0.04174141,3437.84576974
0.04177141,3435.35569858
0.04180142,3432.84739870
0.04183143,3430.32197246
0.04186144,3427.77992555
0.04189145,3425.22030000
0.04192146,3422.63954801
0.04195146,3420.03143048
0.04198147,3417.39366456
0.04201148,3414.72563706
0.04204149,3412.02852886
0.04207150,3409.30426467
0.04210150,3406.55406581
0.04213151,3403.78639504
0.04216152,3401.00834504
0.04219153,3398.22264176
0.04222154,3395.43503656
0.04225155,3392.64868015
0.04228155,3389.86274680
0.04231156,3387.08332088
0.04234157,3384.31500879
0.04237158,3381.56134575
0.04240159,3378.82524322
0.04243159,3376.10802807
0.04246160,3373.40865645
0.04249161,3370.72981432
0.04252162,3368.06460993
0.04255163,3365.41068640
0.04258164,3362.76467596
0.04261164,3360.11847728
0.04264165,3357.47178818
0.04267166,3354.81928097
0.04270167,3352.15910294
0.04273168,3349.48988733
0.04276168,3346.81615882
0.04279169,3344.14439434
0.04282170,3341.48525180
0.04285171,3338.84865846
0.04288172,3336.24161434
0.04291173,3333.66569228
0.04294173,3331.11527794
0.04297174,3328.58436701
0.04300175,3326.06960493
0.04303176,3323.56330037
0.04306177,3321.05961860
0.04309178,3318.55351415
0.04312178,3316.04064632
0.04315179,3313.51358235
0.04318180,3310.96878919
0.04321181,3308.40381783
0.04324182,3305.82446531
0.04327182,3303.23469699
0.04330183,3300.63919075
0.04333184,3298.04770504
0.04336185,3295.46768988
0.04339186,3292.90395914
0.04342187,3290.35769772
0.04345187,3287.82825640
0.04348188,3285.30827901
0.04351189,3282.79196482
0.04354190,3280.28324408
0.04357191,3277.78687028
0.04360191,3275.30986076
0.04363192,3272.85758156
0.04366193,3270.43033730
0.04369194,3268.03023912
0.04372195,3265.64708680
0.04375196,3263.28038638
0.04378196,3260.93135842
0.04381197,3258.60323265
0.04384198,3256.29639200
0.04387199,3254.00816169
0.04390200,3251.72871665
0.04393200,3249.44867949
0.04396201,3247.16435656
0.04399202,3244.87174901
0.04402203,3242.57395728
0.04405204,3240.27536074
0.04408205,3237.97909706
0.04411205,3235.69217719
0.04414206,3233.41233057
0.04417207,3231.14295818
0.04420208,3228.88120037
0.04423209,3226.62913993
0.04426209,3224.38992162
0.04429210,3222.17575570
0.04432211,3219.99267180
0.04435212,3217.83809301
0.04438213,3215.71175147
0.04441214,3213.60758493
0.04444214,3211.52148585
0.04447215,3209.44636676
0.04450216,3207.37474441
0.04453217,3205.30610770
0.04456218,3203.23836638
0.04459219,3201.16987243
0.04462219,3199.10005785
0.04465220,3197.01970601
0.04468221,3194.91809267
0.04471222,3192.78594616
0.04474223,3190.61759068
0.04477223,3188.40503676
0.04480224,3186.14604928
0.04483225,3183.83630128
0.04486226,3181.47753778
0.04489227,3179.07753820
0.04492228,3176.64225822
0.04495228,3174.18034290
0.04498229,3171.69455974
0.04501230,3169.18521551
0.04504231,3166.64930507
0.04507232,3164.08321493
0.04510232,3161.47864603
0.04513233,3158.83013267
0.04516234,3156.13486921
0.04519235,3153.39122132
0.04522236,3150.59217039
0.04525237,3147.73904038
0.04528237,3144.83161801
0.04531238,3141.87278210
0.04534239,3138.86586895
0.04537240,3135.81425739
0.04540241,3132.72857860
0.04543241,3129.61925943
0.04546242,3126.49611842
0.04549243,3123.37037860
0.04552244,3120.25445018
0.04555245,3117.16005539
0.04558246,3114.09954893
0.04561246,3111.08600790
0.04564247,3108.13237040
0.04567248,3105.24194325
0.04570249,3102.41038357
0.04573250,3099.63242906
0.04576250,3096.89571767
0.04579251,3094.18883256
0.04582252,3091.50506789
0.04585253,3088.83458018
0.04588254,3086.17389215
0.04591255,3083.52187316
0.04594255,3080.88050643
0.04597256,3078.25100057
0.04600257,3075.63653520
0.04603258,3073.04370500
0.04606259,3070.47431093
0.04609260,3067.93176835
0.04612260,3065.41673625
0.04615261,3062.93108825
0.04618262,3060.47525535
0.04621263,3058.04593684
0.04624264,3055.63873608
0.04627264,3053.23910958
0.04630265,3050.83379890
0.04633266,3048.41542947
0.04636267,3045.98171338
0.04639268,3043.53438695
0.04642269,3041.07598721
0.04645269,3038.60440748
0.04648270,3036.11540460
0.04651271,3033.61122169
0.04654272,3031.09163989
0.04657273,3028.55598805
0.04660273,3026.00368583
0.04663274,3023.43641081
0.04666275,3020.85390816
0.04669276,3018.26699312
0.04672277,3015.67315483
0.04675278,3013.08077040
0.04678278,3010.49286256
0.04681279,3007.91234191
0.04684280,3005.33904945
0.04687281,3002.77258842
0.04690282,3000.21212316
0.04693282,2997.66192575
0.04696283,2995.12329617
0.04699284,2992.60050732
0.04702285,2990.10081178
0.04705286,2987.62372164
0.04708287,2985.17047871
0.04711287,2982.73768768
0.04714288,2980.32014443
0.04717289,2977.91898691
0.04720290,2975.53003619
0.04723291,2973.15175046
0.04726291,2970.78567537
0.04729292,2968.42813327
0.04732293,2966.08276531
0.04735294,2963.74238702
0.04738295,2961.40542923
0.04741296,2959.06714265
0.04744296,2956.72424890
0.04747297,2954.37712579
0.04750298,2952.01730744
0.04753299,2949.64172948
0.04756300,2947.24138085
0.04759301,2944.81552344
0.04762301,2942.35851711
0.04765302,2939.86960066
0.04768303,2937.34969143
0.04771304,2934.80608329
0.04774305,2932.24683789
0.04777305,2929.68280476
0.04780306,2927.11357050
0.04783307,2924.53609062
0.04786308,2921.94815790
0.04789309,2919.35230184
0.04792310,2916.75260006
0.04795310,2914.15911002
0.04798311,2911.57985099
0.04801312,2909.01854375
0.04804313,2906.48710974
0.04807314,2903.98877665
0.04810314,2901.51812706
0.04813315,2899.07517605
0.04816316,2896.65584059
0.04819317,2894.26364085
0.04822318,2891.90088866
0.04825319,2889.57778456
0.04828319,2887.29974824
0.04831320,2885.06795121
0.04834321,2882.88014743
0.04837322,2880.73926471
0.04840323,2878.64639472
0.04843323,2876.60577298
0.04846324,2874.61592186
0.04849325,2872.67259756
0.04852326,2870.77390919
0.04855327,2868.91056507
0.04858328,2867.07114518
0.04861328,2865.24367581
0.04864329,2863.42443965
0.04867330,2861.61175785
0.04870331,2859.79849847
0.04873332,2857.98704439
0.04876332,2856.17585901
0.04879333,2854.36713719
0.04882334,2852.55190717
0.04885335,2850.72611195
0.04888336,2848.87928309
0.04891337,2847.00964577
0.04894337,2845.11667794
0.04897338,2843.20630770
0.04900339,2841.27961324
0.04903340,2839.34089640
0.04906341,2837.38705938
0.04909342,2835.41921801
0.04912342,2833.42971386
0.04915343,2831.41275404
0.04918344,2829.36721300
0.04921345,2827.29917741
0.04924346,2825.21695110
0.04927346,2823.12907188
0.04930347,2821.04404945
0.04933348,2818.95779669
0.04936349,2816.86940276
0.04939350,2814.77987303
0.04942351,2812.68937377
0.04945351,2810.59568015
0.04948352,2808.49588353
0.04951353,2806.38796002
0.04954354,2804.27439408
0.04957355,2802.15771224
0.04960355,2800.04041342
0.04963356,2797.92812555
0.04966357,2795.82280386
0.04969358,2793.72582721
0.04972359,2791.63365625
0.04975360,2789.54171151
0.04978360,2787.44468621
0.04981361,2785.34296838
0.04984362,2783.23396471
0.04987363,2781.12055426
0.04990364,2779.00443046
0.04993364,2776.88807048
0.04996365,2774.76873956
0.04999366,2772.64687637
0.05002367,2770.52150954
0.05005368,2768.38541823
0.05008369,2766.23330925
0.05011369,2764.06477362
0.05014370,2761.87365039
0.05017371,2759.65988873
0.05020372,2757.41924675
0.05023373,2755.16017853
0.05026373,2752.89037744
0.05029374,2750.61979456
0.05032375,2748.35589467
0.05035376,2746.10288254
0.05038377,2743.86031739
0.05041378,2741.62798436
0.05044378,2739.40011821
0.05047379,2737.17754614
0.05050380,2734.95731250
0.05053381,2732.73733787
0.05056382,2730.51712151
0.05059383,2728.30564544
0.05062383,2726.11391820
0.05065384,2723.95329268
0.05068385,2721.82709438
0.05071386,2719.73458906
0.05074387,2717.68168895
0.05077387,2715.67019044
0.05080388,2713.70598290
0.05083389,2711.78799007
0.05086390,2709.91400864
0.05089391,2708.07858472
0.05092392,2706.27726237
0.05095392,2704.50231636
0.05098393,2702.74702960
0.05101394,2701.01105496
0.05104395,2699.29584982
0.05107396,2697.60316213
0.05110396,2695.93966548
0.05113397,2694.31264467
0.05116398,2692.73048566
0.05119399,2691.19274062
0.05122400,2689.69575790
0.05125401,2688.23728437
0.05128401,2686.81185042
0.05131402,2685.41195570
0.05134403,2684.02526397
0.05137404,2682.64255842
0.05140405,2681.25825398
0.05143405,2679.87097050
0.05146406,2678.47772647
0.05149407,2677.07807923
0.05152408,2675.66443494
0.05155409,2674.23714651
0.05158410,2672.79434798
0.05161410,2671.34528015
0.05164411,2669.89905136
0.05167412,2668.46275888
0.05170413,2667.04017454
0.05173414,2665.63094325
0.05176414,2664.23174478
0.05179415,2662.83567960
0.05182416,2661.43964695
0.05185417,2660.04187923
0.05188418,2658.63863309
0.05191419,2657.22737996
0.05194419,2655.80313401
0.05197420,2654.36734228
0.05200421,2652.92203272
0.05203422,2651.46731647
0.05206423,2650.00596158
0.05209424,2648.53125057
0.05212424,2647.03505493
0.05215425,2645.50308015
0.05218426,2643.92499713
0.05221427,2642.30042998
0.05224428,2640.63133678
0.05227428,2638.92262342
0.05230429,2637.17936700
0.05233430,2635.40127914
0.05236431,2633.58557403
0.05239432,2631.73859230
0.05242433,2629.87035860
0.05245433,2627.98575726
0.05248434,2626.09885465
0.05251435,2624.21732862
0.05254436,2622.34072483
0.05257437,2620.47130904
0.05260437,2618.60567917
0.05263438,2616.74311909
0.05266439,2614.87672428
0.05269440,2612.99786274
0.05272441,2611.09630224
0.05275442,2609.16974410
0.05278442,2607.21693437
0.05281443,2605.24113438
0.05284444,2603.24759724
0.05287445,2601.23568733
0.05290446,2599.20177447
0.05293446,2597.14170950
0.05296447,2595.05167450
0.05299448,2592.92957699
0.05302449,2590.77038704
0.05305450,2588.57036307
0.05308451,2586.32255017
0.05311451,2584.02520699
0.05314452,2581.68785801
0.05317453,2579.32092303
0.05320454,2576.93387555
0.05323455,2574.53791814
0.05326455,2572.14097285
0.05329456,2569.74429467
0.05332457,2567.35077509
0.05335458,2564.95737097
0.05338459,2562.55835961
0.05341460,2560.15357574
0.05344460,2557.74732463
0.05347461,2555.34423750
0.05350462,2552.94842610
0.05353463,2550.55951004
0.05356464,2548.17622667
0.05359465,2545.79145526
0.05362465,2543.40545044
0.05365466,2541.01515801
0.05368467,2538.62186023
0.05371468,2536.22432785
0.05374469,2533.82332726
0.05377469,2531.41967384
0.05380470,2529.00486748
0.05383471,2526.57129570
0.05386472,2524.11353535
0.05389473,2521.63051471
0.05392474,2519.12304945
0.05395474,2516.58819739
0.05398475,2514.02551085
0.05401476,2511.42833518
0.05404477,2508.79176783
0.05407478,2506.10645629
0.05410478,2503.36599241
0.05413479,2500.57204842
0.05416480,2497.72513072
0.05419481,2494.82750915
0.05422482,2491.88280037
0.05425483,2488.89662868
0.05428483,2485.87184987
0.05431484,2482.81501798
0.05434485,2479.73450283
0.05437486,2476.64733667
0.05440487,2473.57104835
0.05443487,2470.52017958
0.05446488,2467.50498814
0.05449489,2464.52562702
0.05452490,2461.58161452
0.05455491,2458.67294393
0.05458492,2455.80704099
0.05461492,2452.99704386
0.05464493,2450.25117406
0.05467494,2447.57847699
0.05470495,2444.98015575
0.05473496,2442.45432142
0.05476496,2439.99694963
0.05479497,2437.60008272
0.05482498,2435.25329173
0.05485499,2432.95060726
0.05488500,2430.68304351
0.05491501,2428.44360588
0.05494501,2426.22761768
0.05497502,2424.02928338
0.05500503,2421.84450835
0.05503504,2419.67103658
0.05506505,2417.50448989
0.05509506,2415.33977750
0.05512506,2413.17436645
0.05515507,2410.99943811
0.05518508,2408.81325050
0.05521509,2406.61535688
0.05524510,2404.40890954
0.05527510,2402.19913226
0.05530511,2399.99456754
0.05533512,2397.80088028
0.05536513,2395.61551893
0.05539514,2393.43410643
0.05542515,2391.25015533
0.05545515,2389.05917224
0.05548516,2386.85815919
0.05551517,2384.64597592
0.05554518,2382.42212408
0.05557519,2380.19721452
0.05560519,2377.97864847
0.05563520,2375.77797984
0.05566521,2373.60228802
0.05569522,2371.45926474
0.05572523,2369.35353768
0.05575524,2367.29170123
0.05578524,2365.27253706
0.05581525,2363.29394540
0.05584526,2361.35582035
0.05587527,2359.46632612
0.05590528,2357.61807636
0.05593528,2355.80065303
0.05596529,2354.00236533
0.05599530,2352.20950621
0.05602531,2350.41430057
0.05605532,2348.61171796
0.05608533,2346.80346107
0.05611533,2344.98459254
0.05614534,2343.15701324
0.05617535,2341.31846943
0.05620536,2339.47299125
0.05623537,2337.61478015
0.05626537,2335.74616705
0.05629538,2333.87160621
0.05632539,2332.00259926
0.05635540,2330.14816660
0.05638541,2328.31107901
0.05641542,2326.49168797
0.05644542,2324.69376143
0.05647543,2322.91819754
0.05650544,2321.17095906
0.05653545,2319.46182108
0.05656546,2317.79552408
0.05659547,2316.17151070
0.05662547,2314.58374857
0.05665548,2313.02508116
0.05668549,2311.48921548
0.05671550,2309.97223028
0.05674551,2308.46646211
0.05677551,2306.97153050
0.05680552,2305.48198500
0.05683553,2303.99012018
0.05686554,2302.49799456
0.05689555,2301.00237757
0.05692556,2299.50303382
0.05695556,2297.99838125
0.05698557,2296.49355588
0.05701558,2294.98817794
0.05704559,2293.48715160
0.05707560,2291.99448489
0.05710560,2290.51323943
0.05713561,2289.03993825
0.05716562,2287.57659381
0.05719563,2286.11835193
0.05722564,2284.66369700
0.05725565,2283.20915619
0.05728565,2281.75107344
0.05731566,2280.28122268
0.05734567,2278.79600813
0.05737568,2277.29492055
0.05740569,2275.77686046
0.05743569,2274.24387169
0.05746570,2272.70133756
0.05749571,2271.15806636
0.05752572,2269.62302700
0.05755573,2268.09772243
0.05758574,2266.57804879
0.05761574,2265.05948298
0.05764575,2263.54361919
0.05767576,2262.02802555
0.05770577,2260.50861688
0.05773578,2258.98589577
0.05776578,2257.46217877
0.05779579,2255.93733106
0.05782580,2254.41216217
0.05785581,2252.88230621
0.05788582,2251.34304393
0.05791583,2249.78873180
0.05794583,2248.21528401
0.05797584,2246.62593658
0.05800585,2245.02349651
0.05803586,2243.41015993
0.05806587,2241.78616037
0.05809588,2240.14709616
0.05812588,2238.49305824
0.05815589,2236.82982004
0.05818590,2235.16361765
0.05821591,2233.49966138
0.05824592,2231.84065355
0.05827592,2230.18905221
0.05830593,2228.54184283
0.05833594,2226.89323548
0.05836595,2225.24256305
0.05839596,2223.58709173
0.05842597,2221.92708695
0.05845597,2220.26158897
0.05848598,2218.59256535
0.05851599,2216.91870915
0.05854600,2215.23302146
0.05857601,2213.52869040
0.05860601,2211.80727996
0.05863602,2210.07790147
0.05866603,2208.35035993
0.05869604,2206.63540167
0.05872605,2204.93963724
0.05875606,2203.26444226
0.05878606,2201.61126966
0.05881607,2199.97906145
0.05884608,2198.36369687
0.05887609,2196.76402813
0.05890610,2195.17577884
0.05893610,2193.59459840
0.05896611,2192.01866607
0.05899612,2190.44813290
0.05902613,2188.88120551
0.05905614,2187.31852702
0.05908615,2185.75977187
0.05911615,2184.20335790
0.05914616,2182.65030015
0.05917617,2181.10242408
0.05920618,2179.56570515
0.05923619,2178.04534283
0.05926619,2176.54801507
0.05929620,2175.07132204
0.05932621,2173.61236967
0.05935622,2172.16526765
0.05938623,2170.72699085
0.05941624,2169.29028026
0.05944624,2167.85029357
0.05947625,2166.40329325
0.05950626,2164.94983752
0.05953627,2163.49354625
0.05956628,2162.04176719
0.05959629,2160.59174893
0.05962629,2159.13959503
0.05965630,2157.68337349
0.05968631,2156.22033700
0.05971632,2154.75411971
0.05974633,2153.28251994
0.05977633,2151.79690471
0.05980634,2150.29227849
0.05983635,2148.76549790
0.05986636,2147.21570991
0.05989637,2145.64799862
0.05992638,2144.06417515
0.05995638,2142.47006888
0.05998639,2140.86515105
0.06001640,2139.25090958
0.06004641,2137.63094138
0.06007642,2136.00972741
0.06010642,2134.39181182
0.06013643,2132.77584099
0.06016644,2131.16148088
0.06019645,2129.54485298
0.06022646,2127.92620619
0.06025647,2126.30633548
0.06028647,2124.68254752
0.06031648,2123.05435011
0.06034649,2121.41802184
0.06037650,2119.77162445
0.06040651,2118.11420956
0.06043651,2116.44359173
0.06046652,2114.76172042
0.06049653,2113.06995268
0.06052654,2111.37247684
0.06055655,2109.66848879
0.06058656,2107.96478272
0.06061656,2106.26297513
0.06064657,2104.57125239
0.06067658,2102.89013493
0.06070659,2101.21852208
0.06073660,2099.55110594
0.06076660,2097.88575612
0.06079661,2096.21977035
0.06082662,2094.54702173
0.06085663,2092.86343888
0.06088664,2091.16820676
0.06091665,2089.46420790
0.06094665,2087.76589210
0.06097666,2086.08418865
0.06100667,2084.42650061
0.06103668,2082.79591342
0.06106669,2081.19664820
0.06109670,2079.62851949
0.06112670,2078.08267555
0.06115671,2076.55150415
0.06118672,2075.02094743
0.06121673,2073.47764379
0.06124674,2071.90913142
0.06127674,2070.30471904
0.06130675,2068.65196746
0.06133676,2066.93971050
0.06136677,2065.15605607
0.06139678,2063.29687386
0.06142679,2061.36486790
0.06145679,2059.36708603
0.06148680,2057.31200890
0.06151681,2055.21478934
0.06154682,2053.09012097
0.06157683,2050.95157647
0.06160683,2048.80897849
0.06163684,2046.66615919
0.06166685,2044.52619007
0.06169686,2042.39286912
0.06172687,2040.27007667
0.06175688,2038.16706295
0.06178688,2036.09226343
0.06181689,2034.05229006
0.06184690,2032.05164305
0.06187691,2030.08886270
0.06190692,2028.16177047
0.06193692,2026.26356438
0.06196693,2024.38999517
0.06199694,2022.53368465
0.06202695,2020.68856631
0.06205696,2018.84846634
0.06208697,2017.00632062
0.06211697,2015.15775550
0.06214698,2013.30206079
0.06217699,2011.44573419
0.06220700,2009.59833596
0.06223701,2007.76190857
0.06226701,2005.93957629
0.06229702,2004.13085478
0.06232703,2002.33494136
0.06235704,2000.55592316
0.06238705,1998.79901507
0.06241706,1997.07436798
0.06244706,1995.38976695
0.06247707,1993.74731790
0.06250708,1992.14685625
0.06253709,1990.58889007
0.06256710,1989.06601460
0.06259711,1987.57246511
0.06262711,1986.09926066
0.06265712,1984.64163401
0.06268713,1983.19804687
0.06271714,1981.76887426
0.06274715,1980.35582702
0.06277715,1978.95736324
0.06280716,1977.56905308
0.06283717,1976.18933298
0.06286718,1974.81251934
0.06289719,1973.44225695
0.06292720,1972.07376680
0.06295720,1970.70965134
0.06298721,1969.34727153
0.06301722,1967.98383327
0.06304723,1966.61261544
0.06307724,1965.23214438
0.06310724,1963.84677954
0.06313725,1962.46068482
0.06316726,1961.08838765
0.06319727,1959.73902559
0.06322728,1958.42408340
0.06325729,1957.15611480
0.06328729,1955.94191965
0.06331730,1954.77568377
0.06334731,1953.65204518
0.06337732,1952.56479678
0.06340733,1951.50668759
0.06343733,1950.47201893
0.06346734,1949.45816551
0.06349735,1948.46346480
0.06352736,1947.48916908
0.06355737,1946.52814143
0.06358738,1945.57239873
0.06361738,1944.61778208
0.06364739,1943.65714513
0.06367740,1942.68824910
0.06370741,1941.70795425
0.06373742,1940.71710110
0.06376742,1939.71295761
0.06379743,1938.69946145
0.06382744,1937.67636995
0.06385745,1936.64696596
0.06388746,1935.60972537
0.06391747,1934.56339301
0.06394747,1933.50651739
0.06397748,1932.44008441
0.06400749,1931.36264994
0.06403750,1930.28185140
0.06406751,1929.20381199
0.06409752,1928.13166511
0.06412752,1927.06602522
0.06415753,1926.00651737
0.06418754,1924.95522976
0.06421755,1923.90998160
0.06424756,1922.86847307
0.06427756,1921.82435618
0.06430757,1920.77344154
0.06433758,1919.70485722
0.06436759,1918.61492991
0.06439760,1917.49993809
0.06442761,1916.35955577
0.06445761,1915.19607252
0.06448762,1914.01034925
0.06451763,1912.80614263
0.06454764,1911.58575888
0.06457765,1910.35057778
0.06460765,1909.10285551
0.06463766,1907.84417426
0.06466767,1906.57097022
0.06469768,1905.28214632
0.06472769,1903.98000086
0.06475770,1902.66502513
0.06478770,1901.34403090
0.06481771,1900.02150156
0.06484772,1898.70468307
0.06487773,1897.39579327
0.06490774,1896.09387659
0.06493774,1894.78787170
0.06496775,1893.47034103
0.06499776,1892.13357547
0.06502777,1890.77120153
0.06505778,1889.37828127
0.06508779,1887.95284392
0.06511779,1886.49628689
0.06514780,1885.01586607
0.06517781,1883.51752753
0.06520782,1882.01352296
0.06523783,1880.50218417
0.06526783,1878.98890919
0.06529784,1877.47475515
0.06532785,1875.96267445
0.06535786,1874.45364651
0.06538787,1872.94619351
0.06541788,1871.43951164
0.06544788,1869.93084333
0.06547789,1868.41754660
0.06550790,1866.89844715
0.06553791,1865.37374576
0.06556792,1863.84312320
0.06559793,1862.30618401
0.06562793,1860.76580864
0.06565794,1859.22063033
0.06568795,1857.67087849
0.06571796,1856.11611313
0.06574797,1854.55836404
0.06577797,1853.00179524
0.06580798,1851.45144561
0.06583799,1849.91367610
0.06586800,1848.39201074
0.06589801,1846.88501877
0.06592802,1845.39022994
0.06595802,1843.90256544
0.06598803,1842.41431471
0.06601804,1840.91720724
0.06604805,1839.40355879
0.06607806,1837.86664081
0.06610806,1836.30343217
0.06613807,1834.70871287
0.06616808,1833.08170029
0.06619809,1831.42465704
0.06622810,1829.73611145
0.06625811,1828.02932151
0.06628811,1826.30993860
0.06631812,1824.58704007
0.06634813,1822.86704011
0.06637814,1821.14981544
0.06640815,1819.43189706
0.06643815,1817.70764412
0.06646816,1815.97517868
0.06649817,1814.23015662
0.06652818,1812.47780239
0.06655819,1810.72060274
0.06658820,1808.96824910
0.06661820,1807.22533193
0.06664821,1805.48605950
0.06667822,1803.74549454
0.06670823,1802.00127940
0.06673824,1800.25651325
0.06676824,1798.51679687
0.06679825,1796.79299914
0.06682826,1795.09240151
0.06685827,1793.41519614
0.06688828,1791.76159522
0.06691829,1790.12574338
0.06694829,1788.50050522
0.06697830,1786.88294950
0.06700831,1785.27031778
0.06703832,1783.65931254
0.06706833,1782.04691835
0.06709834,1780.43462151
0.06712834,1778.82606096
0.06715835,1777.23104851
0.06718836,1775.65101575
0.06721837,1774.08775849
0.06724838,1772.53954651
0.06727838,1771.00718057
0.06730839,1769.48524605
0.06733840,1767.97713566
0.06736841,1766.48803724
0.06739842,1765.02653563
0.06742843,1763.60179629
0.06745843,1762.21638750
0.06748844,1760.87040974
0.06751845,1759.55867096
0.06754846,1758.27254559
0.06757847,1757.00516156
0.06760847,1755.75190408
0.06763848,1754.51186526
0.06766849,1753.28476379
0.06769850,1752.07611857
0.06772851,1750.88630643
0.06775852,1749.71489568
0.06778852,1748.56235798
0.06781853,1747.42707491
0.06784854,1746.30776730
0.06787855,1745.19359943
0.06790856,1744.07594432
0.06793856,1742.94467750
0.06796857,1741.79421316
0.06799858,1740.62323684
0.06802859,1739.42903006
0.06805860,1738.21356903
0.06808861,1736.97618057
0.06811861,1735.71562790
0.06814862,1734.42526237
0.06817863,1733.10055544
0.06820864,1731.74053627
0.06823865,1730.34391798
0.06826865,1728.91293772
0.06829866,1727.44790235
0.06832867,1725.95315772
0.06835868,1724.42867445
0.06838869,1722.87517886
0.06841870,1721.29354882
0.06844870,1719.68641292
0.06847871,1718.06049283
0.06850872,1716.42191415
0.06853873,1714.77221180
0.06856874,1713.11571667
0.06859875,1711.45897664
0.06862875,1709.80910985
0.06865876,1708.17277950
0.06868877,1706.54976066
0.06871878,1704.93828548
0.06874879,1703.33736763
0.06877879,1701.74398458
0.06880880,1700.15759504
0.06883881,1698.57777739
0.06886882,1697.00569171
0.06889883,1695.43494664
0.06892884,1693.86966985
0.06895884,1692.30791232
0.06898885,1690.74868199
0.06901886,1689.19342353
0.06904887,1687.64385184
0.06907888,1686.10458732
0.06910888,1684.57835184
0.06913889,1683.06540074
0.06916890,1681.56493131
0.06919891,1680.07877142
0.06922892,1678.60830792
0.06925893,1677.15437518
0.06928893,1675.71267906
0.06931894,1674.28330901
0.06934895,1672.86639204
0.06937896,1671.46542397
0.06940897,1670.08385914
0.06943897,1668.72610445
0.06946898,1667.39198173
0.06949899,1666.08825526
0.06952900,1664.81735712
0.06955901,1663.58147228
0.06958902,1662.38083392
0.06961902,1661.21140840
0.06964903,1660.07078517
0.06967904,1658.95275101
0.06970905,1657.85210294
0.06973906,1656.75789577
0.06976906,1655.66355515
0.06979907,1654.56717551
0.06982908,1653.47056868
0.06985909,1652.37628666
0.06988910,1651.28395281
0.06991911,1650.18992399
0.06994911,1649.08596710
0.06997912,1647.96458088
0.07000913,1646.81939338
0.07003914,1645.64077114
0.07006915,1644.42182206
0.07009916,1643.15939022
0.07012916,1641.85348421
0.07015917,1640.50292561
0.07018918,1639.11458905
0.07021919,1637.68853763
0.07024920,1636.22503495
0.07027920,1634.72368662
0.07030921,1633.18291528
0.07033922,1631.60582121
0.07036923,1629.99529338
0.07039924,1628.35684921
0.07042925,1626.69154774
0.07045925,1625.00282175
0.07048926,1623.29385454
0.07051927,1621.57330846
0.07054928,1619.85001899
0.07057929,1618.12547267
0.07060929,1616.40290761
0.07063930,1614.68207228
0.07066931,1612.96445421
0.07069932,1611.24858057
0.07072933,1609.53569217
0.07075934,1607.82732578
0.07078934,1606.12238748
0.07081935,1604.42609706
0.07084936,1602.73710244
0.07087937,1601.05856287
0.07090938,1599.39001471
0.07093938,1597.72769504
0.07096939,1596.06561985
0.07099940,1594.40345070
0.07102941,1592.74113237
0.07105942,1591.07306208
0.07108943,1589.39044849
0.07111943,1587.68882279
0.07114944,1585.96956129
0.07117945,1584.22981042
0.07120946,1582.47221767
0.07123947,1580.69991392
0.07126947,1578.92356163
0.07129948,1577.15541000
0.07132949,1575.40622667
0.07135950,1573.68554265
0.07138951,1571.99295320
0.07141952,1570.32739684
0.07144952,1568.68689244
0.07147953,1567.06620066
0.07150954,1565.46727024
0.07153955,1563.88782169
0.07156956,1562.32528447
0.07159957,1560.77953680
0.07162957,1559.24882449
0.07165958,1557.73551989
0.07168959,1556.23584579
0.07171960,1554.74745272
0.07174961,1553.26516171
0.07177961,1551.78049595
0.07180962,1550.29066496
0.07183963,1548.79000186
0.07186964,1547.27277713
0.07189965,1545.72959884
0.07192966,1544.15175954
0.07195966,1542.53529881
0.07198967,1540.87803143
0.07201968,1539.18023199
0.07204969,1537.44037432
0.07207970,1535.64983697
0.07210970,1533.79267676
0.07213971,1531.85498020
0.07216972,1529.83071884
0.07219973,1527.72002204
0.07222974,1525.52994357
0.07225975,1523.26815932
0.07228975,1520.94323625
0.07231976,1518.56114653
0.07234977,1516.13054316
0.07237978,1513.65917048
0.07240979,1511.15365089
0.07243979,1508.62321814
0.07246980,1506.07927355
0.07249981,1503.53570689
0.07252982,1501.00190689
0.07255983,1498.48393765
0.07258984,1495.97782531
0.07261984,1493.48040680
0.07264985,1490.99338790
0.07267986,1488.52046426
0.07270987,1486.06478627
0.07273988,1483.62741496
0.07276988,1481.20641013
0.07279989,1478.79974550
0.07282990,1476.40485005
0.07285991,1474.02499388
0.07288992,1471.66526074
0.07291993,1469.32837847
0.07294993,1467.01738875
0.07297994,1464.73133126
0.07300995,1462.46970649
0.07303996,1460.23262373
0.07306997,1458.01876889
0.07309998,1455.82322677
0.07312998,1453.64007202
0.07315999,1451.46780364
0.07319000,1449.31343125
0.07322001,1447.18192574
0.07325002,1445.07540588
0.07328002,1442.99470956
0.07331003,1440.94285993
0.07334004,1438.92638311
0.07337005,1436.95160386
0.07340006,1435.02126717
0.07343007,1433.12954710
0.07346007,1431.26822591
0.07349008,1429.42887314
0.07352009,1427.60336294
0.07355010,1425.78458952
0.07358011,1423.96557612
0.07361011,1422.14023127
0.07364012,1420.30269816
0.07367013,1418.44686342
0.07370014,1416.57379037
0.07373015,1414.68303086
0.07376016,1412.77683438
0.07379016,1410.85510727
0.07382017,1408.91998145
0.07385018,1406.96695013
0.07388019,1404.99784068
0.07391020,1403.00868798
0.07394020,1401.00003974
0.07397021,1398.97362206
0.07400022,1396.93052629
0.07403023,1394.87278108
0.07406024,1392.80475689
0.07409025,1390.72743805
0.07412025,1388.64211510
0.07415026,1386.55092447
0.07418027,1384.45255611
0.07421028,1382.34649164
0.07424029,1380.23353493
0.07427029,1378.11512004
0.07430030,1375.99067807
0.07433031,1373.85421379
0.07436032,1371.69710976
0.07439033,1369.51677123
0.07442034,1367.30657366
0.07445034,1365.05953107
0.07448035,1362.76718585
0.07451036,1360.42032107
0.07454037,1358.01294687
0.07457038,1355.54625993
0.07460039,1353.02273421
0.07463039,1350.45275415
0.07466040,1347.84983233
0.07469041,1345.22470279
0.07472042,1342.58949344
0.07475043,1339.95107338
0.07478043,1337.31860548
0.07481044,1334.70087426
0.07484045,1332.10206862
0.07487046,1329.52159855
0.07490047,1326.96113836
0.07493048,1324.41981314
0.07496048,1321.89881168
0.07499049,1319.39973237
0.07502050,1316.92706608
0.07505051,1314.48091605
0.07508052,1312.06067445
0.07511052,1309.66287925
0.07514053,1307.28045132
0.07517054,1304.90566286
0.07520055,1302.53052502
0.07523056,1300.15426841
0.07526057,1297.77818820
0.07529057,1295.40673537
0.07532058,1293.04747278
0.07535059,1290.70340345
0.07538060,1288.37406710
0.07541061,1286.05411820
0.07544061,1283.74072352
0.07547062,1281.42834017
0.07550063,1279.11668401
0.07553064,1276.80451673
0.07556065,1274.49412417
0.07559066,1272.18575074
0.07562066,1269.87839140
0.07565067,1267.56778366
0.07568068,1265.24938671
0.07571069,1262.91791340
0.07574070,1260.57237796
0.07577070,1258.21210926
0.07580071,1255.83379193
0.07583072,1253.43504625
0.07586073,1251.01176197
0.07589074,1248.56198528
0.07592075,1246.08742335
0.07595075,1243.59087742
0.07598076,1241.07373945
0.07601077,1238.53841048
0.07604078,1235.98497618
0.07607079,1233.41808820
0.07610080,1230.83951866
0.07613080,1228.25230553
0.07616081,1225.65662982
0.07619082,1223.05323695
0.07622083,1220.44877941
0.07625084,1217.85090689
0.07628084,1215.26621614
0.07631085,1212.70348621
0.07634086,1210.16867445
0.07637087,1207.66768493
0.07640088,1205.20265355
0.07643089,1202.77249356
0.07646089,1200.37588129
0.07649090,1198.01053274
0.07652091,1195.67377224
0.07655092,1193.36157077
0.07658093,1191.06882033
0.07661093,1188.79340625
0.07664094,1186.53650310
0.07667095,1184.29715594
0.07670096,1182.07627410
0.07673097,1179.87214311
0.07676098,1177.68395215
0.07679098,1175.51346261
0.07682099,1173.36051268
0.07685100,1171.23031068
0.07688101,1169.12339728
0.07691102,1167.04230772
0.07694102,1164.98716461
0.07697103,1162.95543855
0.07700104,1160.94171838
0.07703105,1158.94617868
0.07706106,1156.97306362
0.07709107,1155.02324120
0.07712107,1153.10129158
0.07715108,1151.20882151
0.07718109,1149.34668722
0.07721110,1147.51187063
0.07724111,1145.69599994
0.07727111,1143.89503790
0.07730112,1142.10733756
0.07733113,1140.33348088
0.07736114,1138.57464257
0.07739115,1136.82414259
0.07742116,1135.07740162
0.07745116,1133.32218971
0.07748117,1131.55138585
0.07751118,1129.76150415
0.07754119,1127.96197772
0.07757120,1126.16483985
0.07760121,1124.38237558
0.07763121,1122.61905544
0.07766122,1120.87550917
0.07769123,1119.14885450
0.07772124,1117.43749226
0.07775125,1115.73837537
0.07778125,1114.04747285
0.07781126,1112.35899160
0.07784127,1110.66482636
0.07787128,1108.95963031
0.07790129,1107.23998351
0.07793130,1105.50541866
0.07796130,1103.75684809
0.07799131,1102.00162263
0.07802132,1100.23974796
0.07805133,1098.47282592
0.07808134,1096.69990066
0.07811134,1094.92421079
0.07814135,1093.14913907
0.07817136,1091.37534323
0.07820137,1089.59761289
0.07823138,1087.80910520
0.07826139,1086.00612846
0.07829139,1084.18997665
0.07832140,1082.36048346
0.07835141,1080.51424173
0.07838142,1078.64923180
0.07841143,1076.76972529
0.07844143,1074.87634816
0.07847144,1072.97905901
0.07850145,1071.08252568
0.07853146,1069.19242886
0.07856147,1067.30943759
0.07859148,1065.43451721
0.07862148,1063.56357939
0.07865149,1061.69800169
0.07868150,1059.83716048
0.07871151,1057.98106732
0.07874152,1056.12907626
0.07877152,1054.28977228
0.07880153,1052.47127910
0.07883154,1050.68029145
0.07886155,1048.92016248
0.07889156,1047.19071230
0.07892157,1045.49216162
0.07895157,1043.82412941
0.07898158,1042.18638149
0.07901159,1040.57874726
0.07904160,1039.00252739
0.07907161,1037.45926217
0.07910162,1035.95415369
0.07913162,1034.49103121
0.07916163,1033.07250588
0.07919164,1031.69898386
0.07922165,1030.36390224
0.07925166,1029.06020305
0.07928166,1027.78010136
0.07931167,1026.51611886
0.07934168,1025.25809503
0.07937169,1023.99559575
0.07940170,1022.72292322
0.07943171,1021.43504454
0.07946171,1020.12666313
0.07949172,1018.79705441
0.07952173,1017.44792151
0.07955174,1016.07617787
0.07958175,1014.68221949
0.07961175,1013.27093656
0.07964176,1011.84958811
0.07967177,1010.42817312
0.07970178,1009.01344531
0.07973179,1007.60350983
0.07976180,1006.19568693
0.07979180,1004.78353899
0.07982181,1003.36200864
0.07985182,1001.92817134
0.07988183,1000.47954829
0.07991184,999.01787502
0.07994184,997.54203028
0.07997185,996.04877482
0.08000186,994.54093423
0.08003187,993.01736669
0.08006188,991.48101945
0.08009189,989.93114213
0.08012189,988.36698086
0.08015190,986.78479665
0.08018191,985.18478892
0.08021192,983.56631366
0.08024193,981.93295090
0.08027193,980.28573427
0.08030194,978.62987126
0.08033195,976.96942006
0.08036196,975.30753142
0.08039197,973.64542796
0.08042198,971.98041619
0.08045198,970.31118722
0.08048199,968.64510471
0.08051200,966.98642824
0.08054201,965.33823230
0.08057202,963.69889561
0.08060203,962.06470737
0.08063203,960.43254283
0.08066204,958.80367512
0.08069205,957.17428774
0.08072206,955.54494228
0.08075207,953.91552186
0.08078207,952.28356430
0.08081208,950.64636195
0.08084209,949.00159761
0.08087210,947.34567693
0.08090211,945.67113228
0.08093212,943.97333785
0.08096212,942.25148454
0.08099213,940.50609181
0.08102214,938.73861875
0.08105215,936.95299257
0.08108216,935.15352449
0.08111216,933.34754099
0.08114217,931.54182482
0.08117218,929.73846335
0.08120219,927.94197520
0.08123220,926.15050244
0.08126221,924.36290664
0.08129221,922.57619632
0.08132222,920.79239480
0.08135223,919.01548335
0.08138224,917.25505632
0.08141225,915.51742895
0.08144225,913.80996687
0.08147226,912.12683708
0.08150227,910.46250734
0.08153228,908.81396956
0.08156229,907.18330520
0.08159230,905.57416140
0.08162230,903.98784619
0.08165231,902.42434000
0.08168232,900.87614768
0.08171233,899.33243444
0.08174234,897.78282561
0.08177234,896.22212601
0.08180235,894.64612096
0.08183236,893.05057244
0.08186237,891.43563967
0.08189238,889.80139691
0.08192239,888.14760658
0.08195239,886.47066623
0.08198240,884.76949430
0.08201241,883.03765226
0.08204242,881.27514325
0.08207243,879.48492493
0.08210244,877.67337471
0.08213244,875.84864403
0.08216245,874.01544583
0.08219246,872.17778140
0.08222247,870.34057329
0.08225248,868.50684252
0.08228248,866.68036351
0.08231249,864.86087510
0.08234250,863.05007107
0.08237251,861.24685294
0.08240252,859.45311121
0.08243253,857.67186237
0.08246253,855.90672142
0.08249254,854.15776662
0.08252255,852.42186903
0.08255256,850.69369974
0.08258257,848.96808562
0.08261257,847.24271559
0.08264258,845.51998892
0.08267259,843.80064634
0.08270260,842.08400496
0.08273261,840.36539807
0.08276262,838.64178570
0.08279262,836.91175884
0.08282263,835.17540130
0.08285264,833.43669167
0.08288265,831.70391463
0.08291266,829.98664509
0.08294266,828.29294208
0.08297267,826.62502299
0.08300268,824.97973215
0.08303269,823.35135858
0.08306270,821.73648018
0.08309271,820.13056647
0.08312271,818.52685165
0.08315272,816.92042660
0.08318273,815.30451423
0.08321274,813.67504162
0.08324275,812.02963447
0.08327275,810.36609601
0.08330276,808.68431888
0.08333277,806.98386448
0.08336278,805.26750405
0.08339279,803.53720013
0.08342280,801.79442969
0.08345280,800.04126994
0.08348281,798.28018401
0.08351282,796.51553627
0.08354283,794.75222667
0.08357284,792.98744232
0.08360285,791.21738051
0.08363285,789.43969879
0.08366286,787.65747046
0.08369287,785.87837983
0.08372288,784.11185568
0.08375289,782.37004224
0.08378289,780.66032242
0.08381290,778.98302664
0.08384291,777.33569844
0.08387292,775.71479542
0.08390293,774.11508566
0.08393294,772.52936699
0.08396294,770.95053248
0.08399295,769.37163028
0.08402296,767.78669485
0.08405297,766.19326211
0.08408298,764.58617873
0.08411298,762.96478417
0.08414299,761.32596151
0.08417300,759.66968695
0.08420301,757.99848364
0.08423302,756.31884046
0.08426303,754.63377056
0.08429303,752.94467182
0.08432304,751.25421202
0.08435305,749.56368425
0.08438306,747.87511355
0.08441307,746.18736397
0.08444307,744.49665846
0.08447308,742.79925086
0.08450309,741.08985869
0.08453310,739.36365453
0.08456311,737.61831108
0.08459312,735.85526985
0.08462312,734.07757059
0.08465313,732.28948162
0.08468314,730.49178252
0.08471315,728.68575576
0.08474316,726.87031406
0.08477316,725.04585638
0.08480317,723.21299649
0.08483318,721.37542917
0.08486319,719.53770588
0.08489320,717.70300680
0.08492321,715.87426434
0.08495321,714.05017445
0.08498322,712.23013018
0.08501323,710.42184263
0.08504324,708.63161636
0.08507325,706.85822864
0.08510326,705.10073224
0.08513326,703.36034517
0.08516327,701.63715221
0.08519328,699.92903897
0.08522329,698.23695037
0.08525330,696.56338327
0.08528330,694.91139487
0.08531331,693.28130145
0.08534332,691.67581426
0.08537333,690.09600605
0.08540334,688.54721395
0.08543335,687.03531103
0.08546335,685.56554835
0.08549336,684.13763895
0.08552337,682.74804085
0.08555338,681.39124136
0.08558339,680.06163488
0.08561339,678.75235561
0.08564340,677.45605480
0.08567341,676.16716607
0.08570342,674.88254491
0.08573343,673.59922452
0.08576344,672.31414355
0.08579344,671.02421526
0.08582345,669.72387921
0.08585346,668.40703145
0.08588347,667.06681792
0.08591348,665.70117369
0.08594348,664.31057349
0.08597349,662.89559651
0.08600350,661.45746127
0.08603351,659.99601232
0.08606352,658.51509886
0.08609353,657.01354947
0.08612353,655.49168858
0.08615354,653.94907018
0.08618355,652.38484944
0.08621356,650.80118057
0.08624357,649.19480202
0.08627357,647.56581722
0.08630358,645.91991509
0.08633359,644.26540662
0.08636360,642.61151654
0.08639361,640.96652858
0.08642362,639.33363212
0.08645362,637.71278031
0.08648363,636.10019539
0.08651364,634.49108859
0.08654365,632.88487798
0.08657366,631.28732438
0.08660367,629.70755395
0.08663367,628.15443846
0.08666368,626.62865890
0.08669369,625.12835072
0.08672370,623.64899002
0.08675371,622.17772583
0.08678371,620.70560272
0.08681372,619.22440886
0.08684373,617.73276246
0.08687374,616.23134449
0.08690375,614.72534233
0.08693376,613.21906965
0.08696376,611.71016487
0.08699377,610.19436824
0.08702378,608.66471325
0.08705379,607.11646860
0.08708380,605.54754217
0.08711380,603.95283713
0.08714381,602.33068324
0.08717382,600.67930500
0.08720383,598.99566928
0.08723384,597.28006232
0.08726385,595.53297107
0.08729385,593.75724454
0.08732386,591.95870809
0.08735387,590.14611443
0.08738388,588.32895243
0.08741389,586.51327614
0.08744389,584.69946601
0.08747390,582.88752263
0.08750391,581.07942904
0.08753392,579.27828119
0.08756393,577.48556949
0.08759394,575.69537722
0.08762394,573.90016910
0.08765395,572.09285338
0.08768396,570.27001000
0.08771397,568.43118501
0.08774398,566.57704493
0.08777398,564.70728254
0.08780399,562.82412722
0.08783400,560.92687877
0.08786401,559.01807224
0.08789402,557.09882537
0.08792403,555.17365055
0.08795403,553.24675110
0.08798404,551.32437941
0.08801405,549.41016278
0.08804406,547.50984772
0.08807407,545.62489092
0.08810408,543.75757331
0.08813408,541.90539119
0.08816409,540.06613364
0.08819410,538.23970812
0.08822411,536.42992149
0.08825412,534.63957954
0.08828412,532.87153382
0.08831413,531.12879254
0.08834414,529.41549333
0.08837415,527.73682004
0.08840416,526.09852088
0.08843417,524.50136296
0.08846417,522.94146256
0.08849418,521.41367301
0.08852419,519.91164713
0.08855420,518.42547452
0.08858421,516.94392535
0.08861421,515.45521985
0.08864422,513.95160748
0.08867423,512.43274378
0.08870424,510.90120869
0.08873425,509.36214018
0.08876426,507.81708456
0.08879426,506.26795642
0.08882427,504.71723259
0.08885428,503.16532721
0.08888429,501.60821698
0.08891430,500.04065199
0.08894430,498.46171768
0.08897431,496.87623535
0.08900432,495.28962246
0.08903433,493.71031210
0.08906434,492.14415997
0.08909435,490.59215312
0.08912435,489.05332812
0.08915436,487.52420221
0.08918437,486.00660496
0.08921438,484.50571515
0.08924439,483.02773630
0.08927439,481.57433421
0.08930440,480.14438460
0.08933441,478.73145671
0.08936442,477.32973376
0.08939443,475.93814561
0.08942444,474.56085382
0.08945444,473.20471930
0.08948445,471.87549982
0.08951446,470.57556941
0.08954447,469.30271482
0.08957448,468.05308721
0.08960449,466.82395107
0.08963449,465.61454626
0.08966450,464.41910228
0.08969451,463.22957379
0.08972452,462.04159283
0.08975453,460.85351086
0.08978453,459.66406098
0.08981454,458.46949982
0.08984455,457.26672897
0.08987456,456.05210673
0.08990457,454.82785498
0.08993458,453.59992305
0.08996458,452.37672170
0.08999459,451.16177729
0.09002460,449.95430274
0.09005461,448.75137895
0.09008462,447.54727809
0.09011462,446.33696215
0.09014463,445.11431357
0.09017464,443.87494653
0.09020465,442.61620494
0.09023466,441.34005035
0.09026467,440.05099575
0.09029467,438.75469180
0.09032468,437.45315772
0.09035469,436.14791480
0.09038470,434.84152904
0.09041471,433.54209154
0.09044471,432.25412961
0.09047472,430.97792094
0.09050473,429.71285515
0.09053474,428.46061127
0.09056475,427.22432022
0.09059476,426.00150414
0.09062476,424.78596084
0.09065477,423.57267658
0.09068478,422.36031005
0.09071479,421.14891278
0.09074480,419.93872414
0.09077480,418.73174908
0.09080481,417.53080151
0.09083482,416.34270165
0.09086483,415.17385824
0.09089484,414.02794767
0.09092485,412.90752250
0.09095485,411.81260364
0.09098486,410.74056925
0.09101487,409.68977921
0.09104488,408.65725136
0.09107489,407.64501938
0.09110490,406.65427574
0.09113490,405.68542153
0.09116491,404.73781614
0.09119492,403.81095953
0.09122493,402.90572132
0.09125494,402.02525215
0.09128494,401.17042436
0.09131495,400.34300268
0.09134496,399.54588994
0.09137497,398.78316511
0.09140498,398.05964460
0.09143499,397.37405676
0.09146499,396.72368114
0.09149500,396.11006342
0.09152501,395.53921336
0.09155502,395.01290316
0.09158503,394.52790665
0.09161503,394.07513300
0.09164504,393.64615868
0.09167505,393.22759881
0.09170506,392.80855910
0.09173507,392.37717306
0.09176508,391.92944015
0.09179508,391.46297371
0.09182509,390.98119687
0.09185510,390.48707577
0.09188511,389.98143175
0.09191512,389.46812879
0.09194512,388.95110404
0.09197513,388.43505238
0.09200514,387.92380211
0.09203515,387.41915221
0.09206516,386.92417121
0.09209517,386.43700450
0.09212517,385.95473960
0.09215518,385.47093257
0.09218519,384.97979381
0.09221520,384.48073022
0.09224521,383.97848722
0.09227521,383.48128939
0.09230522,382.99672243
0.09233523,382.52652081
0.09236524,382.06425408
0.09239525,381.59986513
0.09242526,381.12472327
0.09245526,380.63572379
0.09248527,380.13797159
0.09251528,379.64343700
0.09254529,379.16158695
0.09257530,378.69470855
0.09260531,378.23700222
0.09263531,377.77846278
0.09266532,377.31042550
0.09269533,376.82526313
0.09272534,376.31719346
0.09275535,375.78294379
0.09278535,375.22181867
0.09281536,374.63581353
0.09284537,374.03039211
0.09287538,373.41251531
0.09290539,372.79053626
0.09293540,372.17089108
0.09296540,371.55979191
0.09299541,370.96222114
0.09302542,370.38185937
0.09305543,369.82041011
0.09308544,369.28115735
0.09311544,368.76448445
0.09314545,368.26868314
0.09317546,367.79187689
0.09320547,367.33263667
0.09323548,366.89064316
0.09326549,366.46367371
0.09329549,366.04777610
0.09332550,365.63857436
0.09335551,365.23096531
0.09338552,364.81745234
0.09341553,364.39103202
0.09344553,363.94865357
0.09347554,363.49324375
0.09350555,363.03037165
0.09353556,362.56530928
0.09356557,362.09941774
0.09359558,361.63293985
0.09362558,361.16679631
0.09365559,360.69831801
0.09368560,360.22421070
0.09371561,359.74148945
0.09374562,359.24626857
0.09377562,358.73509651
0.09380563,358.20482767
0.09383564,357.65369536
0.09386565,357.07653680
0.09389566,356.46446195
0.09392567,355.81527059
0.09395567,355.13498732
0.09398568,354.43386247
0.09401569,353.71792407
0.09404570,352.98475763
0.09407571,352.23048114
0.09410572,351.45375776
0.09413572,350.65625040
0.09416573,349.84222364
0.09419574,349.01731377
0.09422575,348.18716956
0.09425576,347.35533888
0.09428576,346.52511381
0.09431577,345.69964357
0.09434578,344.88252599
0.09437579,344.07671046
0.09440580,343.28342597
0.09443581,342.49928594
0.09446581,341.71814483
0.09449582,340.93720810
0.09452583,340.15607356
0.09455584,339.37321860
0.09458585,338.58454192
0.09461585,337.78507026
0.09464586,336.96888493
0.09467587,336.13035235
0.09470588,335.26571936
0.09473589,334.37615336
0.09476590,333.46554928
0.09479590,332.53650744
0.09482591,331.59489938
0.09485592,330.64463083
0.09488593,329.68534457
0.09491594,328.71474871
0.09494594,327.73348695
0.09497595,326.74460732
0.09500596,325.75050176
0.09503597,324.74984711
0.09506598,323.74063258
0.09509599,322.72337814
0.09512599,321.70457869
0.09515600,320.69311204
0.09518601,319.69744702
0.09521602,318.72461790
0.09524603,317.77776314
0.09527603,316.85731311
0.09530604,315.96050730
0.09533605,315.08656458
0.09536606,314.23604460
0.09539607,313.41039921
0.09542608,312.60743406
0.09545608,311.82214301
0.09548609,311.04745320
0.09551610,310.27684978
0.09554611,309.50602121
0.09557612,308.73581145
0.09560613,307.96805020
0.09563613,307.20354344
0.09566614,306.44278107
0.09569615,305.68352243
0.09572616,304.92148928
0.09575617,304.15223787
0.09578617,303.37457145
0.09581618,302.58877243
0.09584619,301.79364232
0.09587620,300.98880103
0.09590621,300.17414950
0.09593622,299.35242523
0.09596622,298.52657621
0.09599623,297.69431108
0.09602624,296.85054033
0.09605625,295.99009283
0.09608626,295.11142371
0.09611626,294.21381502
0.09614627,293.29712178
0.09617628,292.36313528
0.09620629,291.41613612
0.09623630,290.45990767
0.09626631,289.49728819
0.09629631,288.53084311
0.09632632,287.56488327
0.09635633,286.60497160
0.09638634,285.65493469
0.09641635,284.71797687
0.09644635,283.79755899
0.09647636,282.89766761
0.09650637,282.02012344
0.09653638,281.16459669
0.09656639,280.32837568
0.09659640,279.50713405
0.09662640,278.69609816
0.09665641,277.89023711
0.09668642,277.08728693
0.09671643,276.28728447
0.09674644,275.49245701
0.09677644,274.70435103
0.09680645,273.92448995
0.09683646,273.15167175
0.09686647,272.38895849
0.09689648,271.63874213
0.09692649,270.90241691
0.09695649,270.18095743
0.09698650,269.47684160
0.09701651,268.79443750
0.09704652,268.13656298
0.09707653,267.50946877
0.09710654,266.91892136
0.09713654,266.36540206
0.09716655,265.84332952
0.09719656,265.34327950
0.09722657,264.85892272
0.09725658,264.38711206
0.09728658,263.92670825
0.09731659,263.47675781
0.09734660,263.03692108
0.09737661,262.60473041
0.09740662,262.17490074
0.09743663,261.73941479
0.09746663,261.29215206
0.09749664,260.83001607
0.09752665,260.35271917
0.09755666,259.85920960
0.09758667,259.34614020
0.09761667,258.81147187
0.09764668,258.25493846
0.09767669,257.67805851
0.09770670,257.08458040
0.09773671,256.47620044
0.09776672,255.85377882
0.09779672,255.21668489
0.09782673,254.56824099
0.09785674,253.91406686
0.09788675,253.25990757
0.09791676,252.60995583
0.09794676,251.96403989
0.09797677,251.31890897
0.09800678,250.66962295
0.09803679,250.01299509
0.09806680,249.34806060
0.09809681,248.67474487
0.09812681,247.99313239
0.09815682,247.29996279
0.09818683,246.58956736
0.09821684,245.85698240
0.09824685,245.10196957
0.09827685,244.32760020
0.09830686,243.54043722
0.09833687,242.74939410
0.09836688,241.96037436
0.09839689,241.17392442
0.09842690,240.38579651
0.09845690,239.58946031
0.09848691,238.78137950
0.09851692,237.96297270
0.09854693,237.13833142
0.09857694,236.31376252
0.09860695,235.49574072
0.09863695,234.68995836
0.09866696,233.89884890
0.09869697,233.12282053
0.09872698,232.35953165
0.09875699,231.60535494
0.09878699,230.85262327
0.09881700,230.09609055
0.09884701,229.33377686
0.09887702,228.56456024
0.09890703,227.78757224
0.09893704,227.00603843
0.09896704,226.22277827
0.09899705,225.44013480
0.09902706,224.66147384
0.09905707,223.88906901
0.09908708,223.12495221
0.09911708,222.37070482
0.09914709,221.62389981
0.09917710,220.87770427
0.09920711,220.12491284
0.09923712,219.36081873
0.09926713,218.58500325
0.09929713,217.80044736
0.09932714,217.01300369
0.09935715,216.22540700
0.09938716,215.43702892
0.09941717,214.64548063
0.09944717,213.85203335
0.09947718,213.06152555
0.09950719,212.27708347
0.09953720,211.49932654
0.09956721,210.72336588
0.09959722,209.94724689
0.09962722,209.17296888
0.09965723,208.40734121
0.09968724,207.65859079
0.09971725,206.93253721
0.09974726,206.22829831
0.09977726,205.54055936
0.09980727,204.86199805
0.09983728,204.18750658
0.09986729,203.51355305
0.09989730,202.83934490
0.09992731,202.16243882
0.09995731,201.47703956
0.09998732,200.77646002
0.10001733,200.05598272
0.10004734,199.31132669
0.10007735,198.54066967
0.10010736,197.74602415
0.10013736,196.93361724
0.10016737,196.11123266
0.10019738,195.28852919
0.10022739,194.47432020
0.10025740,193.67541874
0.10028740,192.89517507
0.10031741,192.13732507
0.10034742,191.40475767
0.10037743,190.69701608
0.10040744,190.01216049
0.10043745,189.34789263
0.10046745,188.70024763
0.10049746,188.06419985
0.10052747,187.43723465
0.10055748,186.81809818
0.10058749,186.20612762
0.10061749,185.60082194
0.10064750,185.00218549
0.10067751,184.40935909
0.10070752,183.82139852
0.10073753,183.23839930
0.10076754,182.66025267
0.10079754,182.08483018
0.10082755,181.50968415
0.10085756,180.93373563
0.10088757,180.35473542
0.10091758,179.77192782
0.10094758,179.18541699
0.10097759,178.59382601
0.10100760,177.99293077
0.10103761,177.37814103
0.10106762,176.74682789
0.10109763,176.10038046
0.10112763,175.44421403
0.10115764,174.78251730
0.10118765,174.12004460
0.10121766,173.45951866
0.10124767,172.80195304
0.10127767,172.14584312
0.10130768,171.49137547
0.10133769,170.83898789
0.10136770,170.18879947
0.10139771,169.54295458
0.10142772,168.90409364
0.10145772,168.26919347
0.10148773,167.63281322
0.10151774,166.98899044
0.10154775,166.33478346
0.10157776,165.66967256
0.10160777,164.99297482
0.10163777,164.30314192
0.10166778,163.60178442
0.10169779,162.89074697
0.10172780,162.16991035
0.10175781,161.44133384
0.10178781,160.70865235
0.10181782,159.97478436
0.10184783,159.23955355
0.10187784,158.50320428
0.10190785,157.76719392
0.10193786,157.03537196
0.10196786,156.31250638
0.10199787,155.60419163
0.10202788,154.91340798
0.10205789,154.23740831
0.10208790,153.57186347
0.10211790,152.91550360
0.10214791,152.26812873
0.10217792,151.62955824
0.10220793,150.99854767
0.10223794,150.37709765
0.10226795,149.76751752
0.10229795,149.16464566
0.10232796,148.56352295
0.10235797,147.96058015
0.10238798,147.35405702
0.10241799,146.74055602
0.10244799,146.11922761
0.10247800,145.49355704
0.10250801,144.86784731
0.10253802,144.24557091
0.10256803,143.62681758
0.10259804,143.00821436
0.10262804,142.38376423
0.10265805,141.75116325
0.10268806,141.11204789
0.10271807,140.47074360
0.10274808,139.83233645
0.10277808,139.20272904
0.10280809,138.58733336
0.10283810,137.99010421
0.10286811,137.41275912
0.10289812,136.85559765
0.10292813,136.31727187
0.10295813,135.79685026
0.10298814,135.29430393
0.10301815,134.80956061
0.10304816,134.33901245
0.10307817,133.87887574
0.10310818,133.42545517
0.10313818,132.97622360
0.10316819,132.53119303
0.10319820,132.09107138
0.10322821,131.65335456
0.10325822,131.21232897
0.10328822,130.76143511
0.10331823,130.29508985
0.10334824,129.81067597
0.10337825,129.30788762
0.10340826,128.78735588
0.10343827,128.24799397
0.10346827,127.68983517
0.10349828,127.11396626
0.10352829,126.51920202
0.10355830,125.90598681
0.10358831,125.27844358
0.10361831,124.64237914
0.10364832,124.00098770
0.10367833,123.35715055
0.10370834,122.71214153
0.10373835,122.06677474
0.10376836,121.42136098
0.10379836,120.77821119
0.10382837,120.14116850
0.10385838,119.51204533
0.10388839,118.89087995
0.10391840,118.27720257
0.10394840,117.66964869
0.10397841,117.06691302
0.10400842,116.47065370
0.10403843,115.88409212
0.10406844,115.31307804
0.10409845,114.76573310
0.10412845,114.25139060
0.10415846,113.77460470
0.10418847,113.33250601
0.10421848,112.91790618
0.10424849,112.52330430
0.10427849,112.14137224
0.10430850,111.76507339
0.10433851,111.39001822
0.10436852,111.01721700
0.10439853,110.64840753
0.10442854,110.28566186
0.10445854,109.92743901
0.10448855,109.57270970
0.10451856,109.21885702
0.10454857,108.86066638
0.10457858,108.49530700
0.10460859,108.12196252
0.10463859,107.74061803
0.10466860,107.35053005
0.10469861,106.95109231
0.10472862,106.54288986
0.10475863,106.12719739
0.10478863,105.70361349
0.10481864,105.26653778
0.10484865,104.81073210
0.10487866,104.33014693
0.10490867,103.82264550
0.10493868,103.29021006
0.10496868,102.73403895
0.10499869,102.15445621
0.10502870,101.55079677
0.10505871,100.92080377
0.10508872,100.26408386
0.10511872,99.58337013
0.10514873,98.88352987
0.10517874,98.16785699
0.10520875,97.43574263
0.10523876,96.68335438
0.10526877,95.90743319
0.10529877,95.10875881
0.10532878,94.29111809
0.10535879,93.45930840
0.10538880,92.61705710
0.10541881,91.76629822
0.10544881,90.90864762
0.10547882,90.04619244
0.10550883,89.18134092
0.10553884,88.31728061
0.10556885,87.45796024
0.10559886,86.60406257
0.10562886,85.75286001
0.10565887,84.90033482
0.10568888,84.04390324
0.10571889,83.18015941
0.10574890,82.30717440
0.10577890,81.42587022
0.10580891,80.54251258
0.10583892,79.66734613
0.10586893,78.80862672
0.10589894,77.96880485
0.10592895,77.14584682
0.10595895,76.33587262
0.10598896,75.53375568
0.10601897,74.73359349
0.10604898,73.93034840
0.10607899,73.12119647
0.10610900,72.30817055
0.10613900,71.49710572
0.10616901,70.69444563
0.10619902,69.90723036
0.10622903,69.13976598
0.10625904,68.39316632
0.10628904,67.66680043
0.10631905,66.96069230
0.10634906,66.27479475
0.10637907,65.60639648
0.10640908,64.95390820
0.10643909,64.31809088
0.10646909,63.70012708
0.10649910,63.09793345
0.10652911,62.50544432
0.10655912,61.91728673
0.10658913,61.32923267
0.10661913,60.73661361
0.10664914,60.13504127
0.10667915,59.52623639
0.10670916,58.91591224
0.10673917,58.30661158
0.10676918,57.69813629
0.10679918,57.08810581
0.10682919,56.47337984
0.10685920,55.85285410
0.10688921,55.22891401
0.10691922,54.60523213
0.10694922,53.98533694
0.10697923,53.37457562
0.10700924,52.78086334
0.10703925,52.21109429
0.10706926,51.66850264
0.10709927,51.15386067
0.10712927,50.66693203
0.10715928,50.20655114
0.10718929,49.77064716
0.10721930,49.35650169
0.10724931,48.95945381
0.10727931,48.57366755
0.10730932,48.19642867
0.10733933,47.82655663
0.10736934,47.46175754
0.10739935,47.10033367
0.10742936,46.74119206
0.10745936,46.38503664
0.10748937,46.03484786
0.10751938,45.69285366
0.10754939,45.35711568
0.10757940,45.02463275
0.10760941,44.69342751
0.10763941,44.36331454
0.10766942,44.03479918
0.10769943,43.71065976
0.10772944,43.39231465
0.10775945,43.07788710
0.10778945,42.76317932
0.10781946,42.44417003
0.10784947,42.11867562
0.10787948,41.78732530
0.10790949,41.45393005
0.10793950,41.12295962
0.10796950,40.79333517
0.10799951,40.45772195
0.10802952,40.11025388
0.10805953,39.75021496
0.10808954,39.37785405
0.10811954,38.99261931
0.10814955,38.59552267
0.10817956,38.19071785
0.10820957,37.78502820
0.10823958,37.38518474
0.10826959,36.99671721
0.10829959,36.62336446
0.10832960,36.26453357
0.10835961,35.91560481
0.10838962,35.56844743
0.10841963,35.21223478
0.10844963,34.83533741
0.10847964,34.43013600
0.10850965,33.99233978
0.10853966,33.51719364
0.10856967,32.99912770
0.10859968,32.43440507
0.10862968,31.82240623
0.10865969,31.16641776
0.10868970,30.47560504
0.10871971,29.76385320
0.10874972,29.04386772
0.10877972,28.32692146
0.10880973,27.62415708
0.10883974,26.94425170
0.10886975,26.28782034
0.10889976,25.64843121
0.10892977,25.01993145
0.10895977,24.39821385
0.10898978,23.78126477
0.10901979,23.16776612
0.10904980,22.55443889
0.10907981,21.93666942
0.10910982,21.31025401
0.10913982,20.67356168
0.10916983,20.03073927
0.10919984,19.38942636
0.10922985,18.75584386
0.10925986,18.13276913
0.10928986,17.51899331
0.10931987,16.91080618
0.10934988,16.30580940
0.10937989,15.70505500
0.10940990,15.11160372
0.10943991,14.52845107
0.10946991,13.95611071
0.10949992,13.39103263
0.10952993,12.82971948
0.10955994,12.27139104
0.10958995,11.71517609
0.10961995,11.15849504
0.10964996,10.59809314
0.10967997,10.03291672
0.10970998,9.46537598
0.10973999,8.89772636
0.10977000,8.32935927
0.10980000,7.75953958
0.10983001,7.19011104
0.10986002,6.62745099
0.10989003,6.07971518
0.10992004,5.54993699
